一级目录,相对路径,页数,文件大小字节,SHA256,同哈希文件数,读取状态,异常原因
10_政策与目录,10_政策与目录/优质中小企业梯度培育/校宝在线首版次证明__16-国家标准参编证明文件.pdf,2,557002,3eeb50a68072b2f1009da6f546d0c1c830f1971a1be5c9a069912937bfaf6c28,1,可读取,
10_政策与目录,10_政策与目录/技术改造和未来工厂/未来工厂、智能制造/市 数字化/杭州钱塘新区管理委员会关于印发“１+４+Ｘ”政策体系文件的通知.pdf,29,8057342,06170b9f70669782a4a4eaf9b63bfccaaccd4f2e01902e60f55adcd341316ab5,1,可读取,
10_政策与目录,10_政策与目录/技术改造和未来工厂/未来工厂、智能制造/杭州市数字化改造攻关/关于征集2023年杭州市“未来工厂”培育企业和制造业数字化改造攻关项目的预通知.pdf,6,281783,57f3c6d2025185c2d1a13c6e97320415a123b18de3f1deb6888c45b69319368f,1,可读取,
10_政策与目录,10_政策与目录/政策数据库/企策顾问/公示公告/宁波市/人才项目/2025-05-30__浙江省经济和信息化厅浙江省人力资源和社会保障厅关于公布傅国松等26人具有正高级工艺美术师职务任职资格的通知__c1186981daab4be78e96d28adee959bf/附件/浙江省正高级工艺美术师职务任职资格评审委员会评审通过具有正高级工艺美术师职务任职资格人员名单.pdf,2,152695,26fc43cc5cd97ae43a5d6639305d9adf6c2a8bb8f278b5639e3303e5a3ea805f,4,可读取,
10_政策与目录,10_政策与目录/政策数据库/企策顾问/公示公告/宁波市/优质中小企业梯度培育/2025-10-20__关于宁波市第七批专精特新“小巨人”企业和2025年专精特新“小巨人”复核通过企业名单的公示__c853f8f533f942c4bfe5d9e407ef6fbb/附件/公示附件名单.pdf,10,904756,51f996f40668574a089ffd16c4b563cbd44e5cab702e68cbf12e4b9589c03763,1,可读取,
10_政策与目录,10_政策与目录/政策数据库/企策顾问/公示公告/宁波市/优质中小企业梯度培育/2025-10-28__关于第九批制造业单项冠军企业和复核通过第三批、第六批制造业单项冠军企业名单的公示__752f9a21b577452ab373a9797dc266cd/附件/附件1.pdf,1,76813,e8b604ec8f0d60bec1b2697e34916471609948370cc067307d191a8d86c92a03,1,可读取,
10_政策与目录,10_政策与目录/政策数据库/企策顾问/公示公告/宁波市/优质中小企业梯度培育/2025-10-28__关于第九批制造业单项冠军企业和复核通过第三批、第六批制造业单项冠军企业名单的公示__752f9a21b577452ab373a9797dc266cd/附件/附件2.pdf,2,185200,66ea99700c849bb9635f75f97fff68473e86ae630104b3735b4e32721bf7d80c,1,可读取,
10_政策与目录,10_政策与目录/政策数据库/企策顾问/公示公告/宁波市/优质中小企业梯度培育/2026-03-20__关于公布2025年度复核通过及新认定第二批宁波市专精特新中小企业名单的通知__d7a8de7108244da48b758cb588019253/附件/[附件下载].pdf,21,4235462,57af89a8d644d5dd9fc4e36d309f59de710a3e38fe39e4482025efbbed499152,1,可读取,
10_政策与目录,10_政策与目录/政策数据库/企策顾问/公示公告/宁波市/优质中小企业梯度培育/2026-04-03__关于公布宁波市2025年度上规模小微企业名单的通知__6a126527a75a410cbe2f1969552ebcab/附件/[附件下载].pdf,28,5180644,0d680f207f2e125e0b7ad8817ff086fc69f0be14e7330bb8eca5e2ccec4d262c,1,可读取,
10_政策与目录,10_政策与目录/政策数据库/企策顾问/公示公告/宁波市/全省重点实验室/2025-02-12__关于公布2025年度宁波市重点实验室（A类）名单的通知__b05b1f92b50840e89b4e8a0617c2a8e6/附件/关于公布2025年度宁波市重点实验室（A类）名单的通知.pdf,2,258382,4374d941926e2e5e1c4317dab719d0c2595984819feaf24b287343bc0424afbe,1,可读取,
10_政策与目录,10_政策与目录/政策数据库/企策顾问/公示公告/宁波市/技术改造和未来工厂/2025-05-29__关于公布2024年度宁波市数字化车间_智能工厂项目的通知__310f58756d014ec3a51183f898273374/附件/[附件下载].pdf,8,976901,e8eccdc9ce7bdea5ffb9e349db3add37159ede97fa0943edbf95df537877fe55,1,可读取,
10_政策与目录,10_政策与目录/政策数据库/企策顾问/公示公告/宁波市/研究院/2025-07-16__关于公布宁波市高性能刀具创新中心等3家制造业创新中心验收评估结果的通知__7f4dbab71ffb41698b115eb0c8b4bc6f/附件/[附件下载].pdf,4,380775,c40453cf711712026ff99a227f6237420fe2e208b2890e5668704ecf84b8c80c,1,可读取,
10_政策与目录,10_政策与目录/政策数据库/企策顾问/公示公告/宁波市/科技计划/2025-12-30__浙江省科学技术厅关于下达2026年度“尖兵领雁+X”科技计划项目的通知__5b7bf8b7c220431181be47fd349ef779/附件/2026年度“尖兵领雁+X”科技计划立项项目清单.pdf,28,3316977,49205fc43d43610c1b4c0358b419a0efd3d23fa176047c1d6a9e1381db255b09,4,可读取,
10_政策与目录,10_政策与目录/政策数据库/企策顾问/公示公告/宁波市/综合政策/2025-01-10__关于公布宁波市节水型企业（第十三批）名单的通知__ce4440b101154e2380dff95817e236a8/附件/[附件下载].pdf,8,700489,6315f7135d14f17318cdecd00f0e2ec382a2f12f7e38fbf90bf3ff4e7e4f10c1,1,可读取,
10_政策与目录,10_政策与目录/政策数据库/企策顾问/公示公告/宁波市/综合政策/2025-01-21__关于拟认定2024年浙江省历史经典产业传承创新工作室名单的公示__5be9e686241449cf8463ae9a0aebaf18/附件/拟认定2024年浙江省历史经典产业传承创新工作室名单.pdf,4,570840,4d751c07bfe69a202883dae190971f8d7c47cc380c99da855b6bf0980ac4a61c,4,可读取,
10_政策与目录,10_政策与目录/政策数据库/企策顾问/公示公告/宁波市/综合政策/2025-03-14__关于2024年度宁波市海洋经济“十佳”企业拟入榜名单的公示__17c010e83570453e8e8e4feb6587c17e/附件/2024年度宁波市海洋经济“十佳”企业建议名单.pdf,1,50328,1388eb3442b449b671af07fb5cec934450b05c9feacc85f594cd9e0f6901b6fd,1,可读取,
10_政策与目录,10_政策与目录/政策数据库/企策顾问/公示公告/宁波市/综合政策/2025-03-21__关于公布宁波市制造业企业数字化等级评价结果（第六批）的通知__8e70ba3c250e4aae82ddef2cb08e4467/附件/[附件下载].pdf,12,1975588,5ac69d7c186ac3e4590c6d5604ad1932f1d96e24a5b4fde82fed1774f734978f,1,可读取,
10_政策与目录,10_政策与目录/政策数据库/企策顾问/公示公告/宁波市/综合政策/2025-05-20__关于公布2024年度宁波市自愿清洁生产审核验收合格企业名单的通知__e146fcae419b4d32884794610871a906/附件/[附件下载].pdf,8,906227,857998f19dfff5a1729e301741ea282cd9578b1c22918ab8df83015b02bc1d14,1,可读取,
10_政策与目录,10_政策与目录/政策数据库/企策顾问/公示公告/宁波市/综合政策/2025-05-28__关于公布宁波市制造业企业数字化等级评价结果（第八批）的通知__7a3d28905c7946229b69d7c30f218463/附件/[附件下载].pdf,8,1533117,9e2897a971891c68af030713f1f816812741b61a365b29329c2edd3a366db9dc,1,可读取,
10_政策与目录,10_政策与目录/政策数据库/企策顾问/公示公告/宁波市/综合政策/2025-06-11__关于公布宁波市中小企业公共服务平台及宁波市中小企业公共服务示范平台的通知__67c9f12ef4fb4d6db98e1a3486182de0/附件/[附件下载].pdf,12,1283643,411f085b4942bcda19e20dd8fd7282db1740479def0132e43ae8667f2a630bd4,1,可读取,
10_政策与目录,10_政策与目录/政策数据库/企策顾问/公示公告/宁波市/综合政策/2025-07-03__关于公布2025年度宁波市新能源及智能网联汽车关键零部件强链补链产品名单的通知__6e688de91aa0400394200a2dcbc38c5d/附件/[附件下载].pdf,4,396257,7bb7d0fdab8008a198385f2e5f729c5c077a6fc82c2a9b142e0297ee1f9030ff,1,可读取,
10_政策与目录,10_政策与目录/政策数据库/企策顾问/公示公告/宁波市/综合政策/2025-07-18__2025年度浙江省工业设计职业资格考试成绩通过人员考后公示__8aa16ab6ca1e40189093b27eb55eeaa0/附件/附件2：浙江省社会保险和就业服务中心办公室关于做好2025年度工业设计职业资格考试考务工作的通知.pdf,11,500975,e612bdfa823040aab9f26b78dd3b5e64a588b0012febe9e7669036df152c397f,4,可读取,
10_政策与目录,10_政策与目录/政策数据库/企策顾问/公示公告/宁波市/综合政策/2025-08-01__宁波前湾新区生态环境局2025年8月1日关于建设项目环评审批决定的公告__be9b4df41d4346d1b780f351c9572263/附件/甬新环建〔2025〕53号.pdf,4,1541867,9885031afaace22451291039c56c32673db3957cb8aeb59d39d638f7957262ba,1,可读取,
10_政策与目录,10_政策与目录/政策数据库/企策顾问/公示公告/宁波市/综合政策/2025-08-01__宁波前湾新区生态环境局2025年8月1日关于建设项目环评审批决定的公告__be9b4df41d4346d1b780f351c9572263/附件/甬新环建〔2025〕54号.pdf,4,997347,c844f39d9f835a658473119484d529f4af5a642e425d944d77e3e104ba67c3b5,1,可读取,
10_政策与目录,10_政策与目录/政策数据库/企策顾问/公示公告/宁波市/综合政策/2025-08-22__关于《宁波市5G基站布局规划（2024-2035年）》的公示__d21f3daf5b924daabe23d839db0acba2/附件/2.《宁波市5G基站布局规划（2024-2035年）》规划公示图纸.pdf,24,142609109,3a68b6d329dc71791cc324f679bc99a08413e9fe0eccd898454bbe3be0ee0437,1,可读取,
10_政策与目录,10_政策与目录/政策数据库/企策顾问/公示公告/宁波市/综合政策/2025-08-29__宁波前湾新区生态环境局2025年8月29日关于建设项目环评审批决定的公告__7d47ebadee214ccd806aed8850744c50/附件/甬新环建〔2025〕56号.pdf,4,1311962,2dca76b614aa6009348d37da250bac44c010b437cd2c374a9a05b9741d779175,1,可读取,
10_政策与目录,10_政策与目录/政策数据库/企策顾问/公示公告/宁波市/综合政策/2025-08-29__宁波前湾新区生态环境局2025年8月29日关于建设项目环评审批决定的公告__7d47ebadee214ccd806aed8850744c50/附件/甬新环建〔2025〕57号.pdf,4,1029026,c7fb3d155020cefa8c3525b6186e3e81a5e49c144a871993c005563626401395,1,可读取,
10_政策与目录,10_政策与目录/政策数据库/企策顾问/公示公告/宁波市/综合政策/2025-11-20__关于公布宁波市级绿色制造名单（第六批）的通知__a3efd10a90554f298b6563b7b36749fd/附件/[附件下载].pdf,8,1075902,55c33587e37ae68e013820a2a877e1c900561a7edb73d4456384c9b342d0f55e,1,可读取,
10_政策与目录,10_政策与目录/政策数据库/企策顾问/公示公告/宁波市/综合政策/2025-12-30__关于公布宁波市第一批历史经典产业名录的通知__e4ec3a9c74ca4351b17b557f130ed415/附件/[附件下载].pdf,4,201983,db78df309e72a70a04ca5f5ef9b5023b39bf84ff23c7c862a52e2444e59d87e2,1,可读取,
10_政策与目录,10_政策与目录/政策数据库/企策顾问/公示公告/宁波市/综合政策/2026-02-02__关于公布2025年度人形机器人产业政策申报结果的通知__d88e5bcc194646ddafe5a3cbd2a77e41/附件/[附件下载].pdf,4,299084,d12e989388e44c6fb428a64aaf81b242d9749ee9a7b7bdfd3e1f10444c9748e9,1,可读取,
10_政策与目录,10_政策与目录/政策数据库/企策顾问/公示公告/宁波市/综合政策/2026-03-20__关于公布宁波市制造业企业数字化等级评价结果（第十二批）的通知__3b850313970941f184eadc48c8813fda/附件/[附件下载].pdf,8,1711109,aabe15b80ff9c8b6c18390f8d95de3ab84d24ae6da5a3f6bfe024d895cdc3cdb,1,可读取,
10_政策与目录,10_政策与目录/政策数据库/企策顾问/公示公告/宁波市/综合政策/2026-06-25__关于公布宁波市制造业企业数字化等级评价结果（第十三批）的通知__a412ec1f412a4981afe9087882693e81/附件/[附件下载].pdf,12,2139369,00bff519c3049deda6fd8c17eed676ae278babcdb8d7191a6a4e2f4eaff326e9,1,可读取,
10_政策与目录,10_政策与目录/政策数据库/企策顾问/公示公告/宁波市/软件与数字经济/2025-04-14__关于公布市级中小企业数字化改造样本企业名单的通知__af73e542e68e40f8a09bed146337d8c1/附件/[附件下载].pdf,4,583992,97e3e05ea41b3a5cf287710c41175cca6a7d8b0a99dc756c59e06cec0ff3dc5b,1,可读取,
10_政策与目录,10_政策与目录/政策数据库/企策顾问/公示公告/宁波市/软件与数字经济/2025-05-12__关于公布2025年度中小企业数字化改造国家试点项目库（第二批）名单的通知__db02a44ccb254b2ba26a613b5dfb3993/附件/关于公布2025年度中小企业数字化改造国家试点项目库（第二批）名单的通知.pdf,8,1042225,38809ada31b44ba9a8bea083789548a0ef22db5e216d92d65524e3aab5ef3254,1,可读取,
10_政策与目录,10_政策与目录/政策数据库/企策顾问/公示公告/宁波市/软件与数字经济/2025-06-04__关于公布2025年度中小企业数字化改造国家试点项目库（第三批）名单的通知__645e6e5b820345a09ddf2fbf26f1a51d/附件/[附件下载].pdf,8,1556016,d6cbbf50f9aabc9c9d4fd9ed5356f27edc7bc6a9c4596896cda7535edd8a5e17,1,可读取,
10_政策与目录,10_政策与目录/政策数据库/企策顾问/公示公告/宁波市/软件与数字经济/2025-09-18__关于公布市级行业优秀数字化改造总承包商和优秀“小快轻准”行业数字化产品名单的通知__453e98e0e56f4252b62fa9b827d2f852/附件/[附件下载].pdf,5,382495,32e06a1038cb707451e1b51b461902abd4594bfc768748b868453c6338e886d2,1,可读取,
10_政策与目录,10_政策与目录/政策数据库/企策顾问/公示公告/宁波市/软件与数字经济/2025-09-30__关于公布2025年度中小企业数字化改造国家试点项目库（第六批）名单的通知__07c4e7fe972b4c20a48a3985e64943e3/附件/[附件下载].pdf,5,479115,84be2c5f0143ff80018603dd891dd3618adae2f2c8d1bba8e17c5f0a485fd3cf,1,可读取,
10_政策与目录,10_政策与目录/政策数据库/企策顾问/公示公告/宁波市/软件与数字经济/2025-10-13__关于公布2025年度市级工业互联网平台（企业大脑）项目名单的通知__4c86fb7ec2e34639817296149c25dad1/附件/[附件下载].pdf,4,212767,6c5ca984649a4a57dda8cb61a75ca91791157d2fccb436e9d92f083708c71216,1,可读取,
10_政策与目录,10_政策与目录/政策数据库/企策顾问/公示公告/宁波市/软件与数字经济/2026-03-20__关于公布国家试点行业优秀数字化改造总承包商名单的通知__07fa3bcb4ba0459eb5ccfa272d0c6ad7/附件/[附件下载].pdf,4,242302,4b70bef78599a9ab0e49d3dcf04d390381c9e3438dc6d5f91c5e5a7d0b18e5f6,1,可读取,
10_政策与目录,10_政策与目录/政策数据库/企策顾问/公示公告/宁波市/首版次/2025-09-22__关于公布2025年度宁波市首版次软件产品名单的通知__a2eda1cb78c84905ab6b66ada8e0f1a3/附件/[附件下载].pdf,8,960600,e7680b93a894282b148d9d7ac6d5b16f6d2b959612f0d99d05e42fad0537dc99,1,可读取,
10_政策与目录,10_政策与目录/政策数据库/企策顾问/公示公告/宁波市/高新/2025-07-16__浙江省认定机构：关于取消长兴华隆丝绸有限公司等4家企业高新技术企业资格的通告__132f8898665a4195bf6237a17c949fc8/附件/浙江省认定机构：关于取消长兴华隆丝绸有限公司等4家企业高新技术企业资格的通告.pdf,4,673354,1e643afd7d94edf90aefde3e7145485c176dced4bf85ba7b50f3b8d2c9b5c867,4,可读取,
10_政策与目录,10_政策与目录/政策数据库/企策顾问/公示公告/宁波市/高新/2025-07-16__浙江省认定机构：关于浙江省2025年第一批异地整体搬迁高新技术企业资格继续有效名单的通告__c757e1a694e14225929752a12dfecc48/附件/浙江省认定机构：关于浙江省2025年第一批异地整体搬迁高新技术企业资格继续有效名单的通告.pdf,4,1021074,66bec571cc4ddf0889619bebc9567ec343be37952ee3068212ff11dbf6b494a4,4,可读取,
10_政策与目录,10_政策与目录/政策数据库/企策顾问/公示公告/宁波市/高新/2025-07-22__浙江省认定机构：关于公布浙江省2025年第一批高新技术企业更名及重大变化的通告__08429971a5ec43b7bbc5dc1663b5b16c/附件/浙江省认定机构：关于公布浙江省2025年第一批高新技术企业更名及重大变化的通告.pdf,20,7469284,8b251b99f7bf672e2002b18842e0e5dd5795597f375b809dafca7188f9a3d133,4,可读取,
10_政策与目录,10_政策与目录/政策数据库/企策顾问/公示公告/宁波市/高新/2025-08-14__浙江省认定机构：关于公布浙江省2025年第二批高新技术企业更名及重大变化的通告__0755d5b0d2f24becb02b4d3ddb861be0/附件/浙江省认定机构：关于公布浙江省2025年第二批高新技术企业更名及重大变化的通告.pdf,12,3080940,93229a51698564bd9c02fe7232adef18af785b4f8680880abb4fa09807bddbf6,4,可读取,
10_政策与目录,10_政策与目录/政策数据库/企策顾问/公示公告/宁波市/高新/2025-08-18__浙江省认定机构：关于浙江省2025年第二批异地整体搬迁高新技术企业资格继续有效名单的通告__3776697a885c44269aa4954b6eb14343/附件/浙江省认定机构：关于浙江省2025年第二批异地整体搬迁高新技术企业资格继续有效名单的通告.pdf,6,1326962,9f9fe34d0592a11c4ba6ca93a5d342a827c4e3e268bd792f25581bd66a5a952c,4,可读取,
10_政策与目录,10_政策与目录/政策数据库/企策顾问/公示公告/宁波市/高新/2026-02-02__浙江省认定机构：关于取消浙江丰扬钢结构有限公司等13家企业高新技术企业资格的通告__8ed0735c0b5e4321adbf0ea54fdf3000/附件/浙江省认定机构：关于取消浙江丰扬钢结构有限公司等13家企业高新技术企业资格的通告.pdf,4,874610,cdd1977af40f9565015549749f6082519f91a64dc9a77106d75587353074387e,4,可读取,
10_政策与目录,10_政策与目录/政策数据库/企策顾问/公示公告/杭州市/人才项目/2025-05-30__浙江省经济和信息化厅浙江省人力资源和社会保障厅关于公布傅国松等26人具有正高级工艺美术师职务任职资格的通知__c1186981daab4be78e96d28adee959bf/附件/浙江省正高级工艺美术师职务任职资格评审委员会评审通过具有正高级工艺美术师职务任职资格人员名单.pdf,2,152695,26fc43cc5cd97ae43a5d6639305d9adf6c2a8bb8f278b5639e3303e5a3ea805f,4,可读取,
10_政策与目录,10_政策与目录/政策数据库/企策顾问/公示公告/杭州市/技术改造和未来工厂/2025-06-11__杭州市经信局（市数字经济局）关于公布2025年度杭州市制造业数字化改造攻关项目入库名单的通知__8b7bcf3a773346879095f0402d5fcac5/附件/杭州市经信局（市数字经济局）关于公布2025年度杭州市制造业数字化改造攻关项目入库名单的通知.pdf,,8275986,6c5a54391ee9ae0a1f55b3e285cfa827b53d02acb757e7bd75dca298fac24e44,1,PDF结构异常,PdfReadError:Could not read Boolean object
10_政策与目录,10_政策与目录/政策数据库/企策顾问/公示公告/杭州市/科技计划/2025-01-02__关于公布2024年杭州市概念验证中心认定单位的通知__53a470c583104e58968f39949f5ad594/附件/杭州市科学技术局关于公布2024年杭州市概念验证中心认定单位的通知.pdf,4,448577,8c978ba4345fa48c2987afd324b8d9c27a060e0f4ee967e82a0bd1a985b08460,1,可读取,
10_政策与目录,10_政策与目录/政策数据库/企策顾问/公示公告/杭州市/科技计划/2025-03-27__关于公布2024年杭州市概念验证中心创建单位的通知__6ff507850e694deb93198818e8b21ebe/附件/10杭州市科学技术局关于公布2024年杭州市概念验证中心创建单位的通知.pdf,4,499793,554789bc72da9c6df64f84e5919a9608424bb1b9b7851dbda95d478b8962e20b,1,可读取,
10_政策与目录,10_政策与目录/政策数据库/企策顾问/公示公告/杭州市/科技计划/2025-12-30__浙江省科学技术厅关于下达2026年度“尖兵领雁+X”科技计划项目的通知__5b7bf8b7c220431181be47fd349ef779/附件/2026年度“尖兵领雁+X”科技计划立项项目清单.pdf,28,3316977,49205fc43d43610c1b4c0358b419a0efd3d23fa176047c1d6a9e1381db255b09,4,可读取,
10_政策与目录,10_政策与目录/政策数据库/企策顾问/公示公告/杭州市/综合政策/2025-01-21__关于拟认定2024年浙江省历史经典产业传承创新工作室名单的公示__5be9e686241449cf8463ae9a0aebaf18/附件/拟认定2024年浙江省历史经典产业传承创新工作室名单.pdf,4,570840,4d751c07bfe69a202883dae190971f8d7c47cc380c99da855b6bf0980ac4a61c,4,可读取,
10_政策与目录,10_政策与目录/政策数据库/企策顾问/公示公告/杭州市/综合政策/2025-04-21__杭州市市场监督管理局西湖风景名胜区分局关于公布2024年度西湖风景名胜区餐饮服务单位食品安全监督量化分级评定结果的通知__8afdfc3fff11489087273f1d9f6fe1d6/附件/杭州市市场监督管理局西湖风景名胜区分局关于公布2024年度西湖风景名胜区餐饮服务单位食品安全监督量化分级评定结果的通知.pdf,33,16722023,4688f86c5ae9e39c42aacf377957e37ab0ad1bba8178b4c5a382820d2322dcff,1,可读取,
10_政策与目录,10_政策与目录/政策数据库/企策顾问/公示公告/杭州市/综合政策/2025-05-12__中共杭州市委宣传部杭州市市场监督管理局杭州市发改委关于公布2024年杭州市信用管理示范企业培育名单的通知__443d731dd4084e86b802ef874b6aa3c5/附件/中共杭州市委宣传部杭州市市场监督管理局杭州市发改委关于公布2024年杭州市信用管理示范企业培育名单的通知.pdf,7,7063926,c481c21e6127bfd76716912b4e0d1eac406a2bab7ef071e65fc49ee3f12de9d7,2,可读取,
10_政策与目录,10_政策与目录/政策数据库/企策顾问/公示公告/杭州市/综合政策/2025-05-19__中共杭州市委宣传部 杭州市市场监督管理局 杭州市发改委 关于公布2024年杭州市信用管理示范企业培育名单的通知__582e386f7bca4f4295794abc27e6f7c7/附件/中共杭州市委宣传部 杭州市市场监督管理局 杭州市发改委 关于公布2024年杭州市信用管理示范企业培育名单的通知.pdf,7,7063926,c481c21e6127bfd76716912b4e0d1eac406a2bab7ef071e65fc49ee3f12de9d7,2,可读取,
10_政策与目录,10_政策与目录/政策数据库/企策顾问/公示公告/杭州市/综合政策/2025-06-20__杭州市科学技术局关于公布2024年市级科技企业孵化器绩效评价结果的通知__f23b3677d6314d0bb67c4d68f936c10f/附件/杭州市科学技术局关于公布2024年市级科技企业孵化器绩效评价结果的通知.pdf,17,4834666,8169655b78a983ea382ee4f44b1c3c09d4a21a9043a18b370af17cbb2f10c9db,1,可读取,
10_政策与目录,10_政策与目录/政策数据库/企策顾问/公示公告/杭州市/综合政策/2025-07-18__2025年度浙江省工业设计职业资格考试成绩通过人员考后公示__8aa16ab6ca1e40189093b27eb55eeaa0/附件/附件2：浙江省社会保险和就业服务中心办公室关于做好2025年度工业设计职业资格考试考务工作的通知.pdf,11,500975,e612bdfa823040aab9f26b78dd3b5e64a588b0012febe9e7669036df152c397f,4,可读取,
10_政策与目录,10_政策与目录/政策数据库/企策顾问/公示公告/杭州市/综合政策/2025-11-04__关于公布2025年杭州市生物医药特色产业园区名单的通知__0a5d13cca776425caa5638d6fc926418/附件/关于公布2025年杭州市生物医药特色产业园区名单的通知.pdf,2,119305,d104a5fb249964e23b1cb72a7026aecf8563271bf40456da4487fd666e871882,1,可读取,
10_政策与目录,10_政策与目录/政策数据库/企策顾问/公示公告/杭州市/综合政策/2025-12-31__杭州市科学技术局关于认定2025年市级科技企业孵化器的通知__838f12aae79a4c5fa5672b03d98a6ad8/附件/杭州市科学技术局关于认定2025年市级科技企业孵化器的通知.pdf,7,10000689,82a35ff5bdb175f81f385eb364e7a4c103127db38e3f1431b97d06c62bb9e770,1,可读取,
10_政策与目录,10_政策与目录/政策数据库/企策顾问/公示公告/杭州市/软件与数字经济/2025-01-22__市经信局（市数字经济局）市人力社保局关于公布孙新民等3980人具有工程师职务任职资格的通知__4ff652015abd497984733c85c1f9f515/附件/杭经信联人事【2025】7号-杭州市经济和信息化局(杭州市数字经济局) 杭州市人力资源和社会保障局关于公布孙新民等3980人具有工程师职务任职资格的通知.pdf,148,14192465,525e20c546c0a72e10854c26e42bd7a5699d59a0772ba406431250e2f99a0455,1,可读取,
10_政策与目录,10_政策与目录/政策数据库/企策顾问/公示公告/杭州市/软件与数字经济/2025-02-26__关于杭州市中小企业数字化转型城市试点第二批企业数改项目拟验收通过名单的公示__208214e463cf400fb173aee0bb187d56/附件/关于杭州市中小企业数字化转型城市试点第二批企业数改项目拟验收通过名单的公示.pdf,6,452296,1a33942ae39c1aa52d63367e27bc2d40b64c32bc8f056f36f4044501d9d2ad74,1,可读取,
10_政策与目录,10_政策与目录/政策数据库/企策顾问/公示公告/杭州市/高新/2025-07-16__浙江省认定机构：关于取消长兴华隆丝绸有限公司等4家企业高新技术企业资格的通告__132f8898665a4195bf6237a17c949fc8/附件/浙江省认定机构：关于取消长兴华隆丝绸有限公司等4家企业高新技术企业资格的通告.pdf,4,673354,1e643afd7d94edf90aefde3e7145485c176dced4bf85ba7b50f3b8d2c9b5c867,4,可读取,
10_政策与目录,10_政策与目录/政策数据库/企策顾问/公示公告/杭州市/高新/2025-07-16__浙江省认定机构：关于浙江省2025年第一批异地整体搬迁高新技术企业资格继续有效名单的通告__c757e1a694e14225929752a12dfecc48/附件/浙江省认定机构：关于浙江省2025年第一批异地整体搬迁高新技术企业资格继续有效名单的通告.pdf,4,1021074,66bec571cc4ddf0889619bebc9567ec343be37952ee3068212ff11dbf6b494a4,4,可读取,
10_政策与目录,10_政策与目录/政策数据库/企策顾问/公示公告/杭州市/高新/2025-07-22__浙江省认定机构：关于公布浙江省2025年第一批高新技术企业更名及重大变化的通告__08429971a5ec43b7bbc5dc1663b5b16c/附件/浙江省认定机构：关于公布浙江省2025年第一批高新技术企业更名及重大变化的通告.pdf,20,7469284,8b251b99f7bf672e2002b18842e0e5dd5795597f375b809dafca7188f9a3d133,4,可读取,
10_政策与目录,10_政策与目录/政策数据库/企策顾问/公示公告/杭州市/高新/2025-08-14__浙江省认定机构：关于公布浙江省2025年第二批高新技术企业更名及重大变化的通告__0755d5b0d2f24becb02b4d3ddb861be0/附件/浙江省认定机构：关于公布浙江省2025年第二批高新技术企业更名及重大变化的通告.pdf,12,3080940,93229a51698564bd9c02fe7232adef18af785b4f8680880abb4fa09807bddbf6,4,可读取,
10_政策与目录,10_政策与目录/政策数据库/企策顾问/公示公告/杭州市/高新/2025-08-18__浙江省认定机构：关于浙江省2025年第二批异地整体搬迁高新技术企业资格继续有效名单的通告__3776697a885c44269aa4954b6eb14343/附件/浙江省认定机构：关于浙江省2025年第二批异地整体搬迁高新技术企业资格继续有效名单的通告.pdf,6,1326962,9f9fe34d0592a11c4ba6ca93a5d342a827c4e3e268bd792f25581bd66a5a952c,4,可读取,
10_政策与目录,10_政策与目录/政策数据库/企策顾问/公示公告/杭州市/高新/2026-02-02__浙江省认定机构：关于取消浙江丰扬钢结构有限公司等13家企业高新技术企业资格的通告__8ed0735c0b5e4321adbf0ea54fdf3000/附件/浙江省认定机构：关于取消浙江丰扬钢结构有限公司等13家企业高新技术企业资格的通告.pdf,4,874610,cdd1977af40f9565015549749f6082519f91a64dc9a77106d75587353074387e,4,可读取,
10_政策与目录,10_政策与目录/政策数据库/企策顾问/公示公告/绍兴市/人才项目/2025-05-30__浙江省经济和信息化厅浙江省人力资源和社会保障厅关于公布傅国松等26人具有正高级工艺美术师职务任职资格的通知__c1186981daab4be78e96d28adee959bf/附件/浙江省正高级工艺美术师职务任职资格评审委员会评审通过具有正高级工艺美术师职务任职资格人员名单.pdf,2,152695,26fc43cc5cd97ae43a5d6639305d9adf6c2a8bb8f278b5639e3303e5a3ea805f,4,可读取,
10_政策与目录,10_政策与目录/政策数据库/企策顾问/公示公告/绍兴市/人才项目/2025-12-02__绍兴市市场监督管理局绍兴市人力资源和社会保障局关于公布胡立峰等12人具有工程师职务任职资格的通知__9a898eb4d507402598c8d6b3be1f06a8/附件/绍市监管干〔2025〕1号绍兴市市场监督管理局绍兴市人力资源和社会保障局关于公布胡立峰等12人具有工程师职务任职资格的通知.pdf,2,529497,d043bc2ce98aa318785441e909e3e9a4438d9bf40b26cb6f3378aa38af0d0a12,1,可读取,
10_政策与目录,10_政策与目录/政策数据库/企策顾问/公示公告/绍兴市/科技计划/2025-12-30__浙江省科学技术厅关于下达2026年度“尖兵领雁+X”科技计划项目的通知__5b7bf8b7c220431181be47fd349ef779/附件/2026年度“尖兵领雁+X”科技计划立项项目清单.pdf,28,3316977,49205fc43d43610c1b4c0358b419a0efd3d23fa176047c1d6a9e1381db255b09,4,可读取,
10_政策与目录,10_政策与目录/政策数据库/企策顾问/公示公告/绍兴市/综合政策/2025-01-21__关于拟认定2024年浙江省历史经典产业传承创新工作室名单的公示__5be9e686241449cf8463ae9a0aebaf18/附件/拟认定2024年浙江省历史经典产业传承创新工作室名单.pdf,4,570840,4d751c07bfe69a202883dae190971f8d7c47cc380c99da855b6bf0980ac4a61c,4,可读取,
10_政策与目录,10_政策与目录/政策数据库/企策顾问/公示公告/绍兴市/综合政策/2025-06-27__普施康微流控POCT系统产业化基地项目环评公示__d0d1300acc7c4e958eb3f5ebe50abdf4/附件/备案承诺书.pdf,3,1039553,d398db22216fdc192438a0a4069e5b8d56d84c411ba058e3ed70bd1e50c24001,1,可读取,
10_政策与目录,10_政策与目录/政策数据库/企策顾问/公示公告/绍兴市/综合政策/2025-07-18__2025年度浙江省工业设计职业资格考试成绩通过人员考后公示__8aa16ab6ca1e40189093b27eb55eeaa0/附件/附件2：浙江省社会保险和就业服务中心办公室关于做好2025年度工业设计职业资格考试考务工作的通知.pdf,11,500975,e612bdfa823040aab9f26b78dd3b5e64a588b0012febe9e7669036df152c397f,4,可读取,
10_政策与目录,10_政策与目录/政策数据库/企策顾问/公示公告/绍兴市/高新/2025-07-16__浙江省认定机构：关于取消长兴华隆丝绸有限公司等4家企业高新技术企业资格的通告__132f8898665a4195bf6237a17c949fc8/附件/浙江省认定机构：关于取消长兴华隆丝绸有限公司等4家企业高新技术企业资格的通告.pdf,4,673354,1e643afd7d94edf90aefde3e7145485c176dced4bf85ba7b50f3b8d2c9b5c867,4,可读取,
10_政策与目录,10_政策与目录/政策数据库/企策顾问/公示公告/绍兴市/高新/2025-07-16__浙江省认定机构：关于浙江省2025年第一批异地整体搬迁高新技术企业资格继续有效名单的通告__c757e1a694e14225929752a12dfecc48/附件/浙江省认定机构：关于浙江省2025年第一批异地整体搬迁高新技术企业资格继续有效名单的通告.pdf,4,1021074,66bec571cc4ddf0889619bebc9567ec343be37952ee3068212ff11dbf6b494a4,4,可读取,
10_政策与目录,10_政策与目录/政策数据库/企策顾问/公示公告/绍兴市/高新/2025-07-22__浙江省认定机构：关于公布浙江省2025年第一批高新技术企业更名及重大变化的通告__08429971a5ec43b7bbc5dc1663b5b16c/附件/浙江省认定机构：关于公布浙江省2025年第一批高新技术企业更名及重大变化的通告.pdf,20,7469284,8b251b99f7bf672e2002b18842e0e5dd5795597f375b809dafca7188f9a3d133,4,可读取,
10_政策与目录,10_政策与目录/政策数据库/企策顾问/公示公告/绍兴市/高新/2025-08-14__浙江省认定机构：关于公布浙江省2025年第二批高新技术企业更名及重大变化的通告__0755d5b0d2f24becb02b4d3ddb861be0/附件/浙江省认定机构：关于公布浙江省2025年第二批高新技术企业更名及重大变化的通告.pdf,12,3080940,93229a51698564bd9c02fe7232adef18af785b4f8680880abb4fa09807bddbf6,4,可读取,
10_政策与目录,10_政策与目录/政策数据库/企策顾问/公示公告/绍兴市/高新/2025-08-18__浙江省认定机构：关于浙江省2025年第二批异地整体搬迁高新技术企业资格继续有效名单的通告__3776697a885c44269aa4954b6eb14343/附件/浙江省认定机构：关于浙江省2025年第二批异地整体搬迁高新技术企业资格继续有效名单的通告.pdf,6,1326962,9f9fe34d0592a11c4ba6ca93a5d342a827c4e3e268bd792f25581bd66a5a952c,4,可读取,
10_政策与目录,10_政策与目录/政策数据库/企策顾问/公示公告/绍兴市/高新/2026-02-02__浙江省认定机构：关于取消浙江丰扬钢结构有限公司等13家企业高新技术企业资格的通告__8ed0735c0b5e4321adbf0ea54fdf3000/附件/浙江省认定机构：关于取消浙江丰扬钢结构有限公司等13家企业高新技术企业资格的通告.pdf,4,874610,cdd1977af40f9565015549749f6082519f91a64dc9a77106d75587353074387e,4,可读取,
10_政策与目录,10_政策与目录/政策数据库/企策顾问/公示公告/金华市/人才项目/2025-05-30__浙江省经济和信息化厅浙江省人力资源和社会保障厅关于公布傅国松等26人具有正高级工艺美术师职务任职资格的通知__c1186981daab4be78e96d28adee959bf/附件/浙江省正高级工艺美术师职务任职资格评审委员会评审通过具有正高级工艺美术师职务任职资格人员名单.pdf,2,152695,26fc43cc5cd97ae43a5d6639305d9adf6c2a8bb8f278b5639e3303e5a3ea805f,4,可读取,
10_政策与目录,10_政策与目录/政策数据库/企策顾问/公示公告/金华市/人才项目/2025-11-12__金华市市场监督管理局金华市人力资源和社会保障局关于公布张卉等15人具有工程师职务任职资格的通知__e2db075b175f4b71956b47705270db86/附件/251110金华市市场监督管理局金华市人力资源和社会保障局关于公布张卉等15人具有工程师职务任职资格的通知(金市监发〔2025〕87号).pdf,2,666936,75bd73b49389df396fb4d7ddfcbbf5d46d1da754ff4ca26e6b5646854447ba1c,1,可读取,
10_政策与目录,10_政策与目录/政策数据库/企策顾问/公示公告/金华市/人才项目/2025-12-15__金华市经济和信息化局金华市人力资源和社会保障局关于公布黄华等85人具有工程师职务任职资格的通知__0d38fa3ebf234f06b3150847b82e3f1c/附件/【签章】金经信人事〔2025〕206号金华市经济和信息化局金华市人力资源和社会保障局关于公布黄华等85人具有工程师职务任职资格的通知.pdf,8,435634,0b2b4ab45e76a7e8f165c257b3d940ebcc02fd11dde0d0ccc42eb110f62ef13b,1,可读取,
10_政策与目录,10_政策与目录/政策数据库/企策顾问/公示公告/金华市/技术中心/2025-09-28__关于公布金华市第十三批建筑业企业技术中心名单的通知__e85b47b0cd1a4109a23400b38ffe53da/附件/【签章】金经信投资〔2025〕158号金华市经济和信息化局金华市住房和城乡建设局关于公布金华市第十三批建筑业企业技术中心名单的通知.pdf,4,306192,5a26e925ea2619f607947815c3c62cbd2710c6f8e3b05ed7f22ec0f9f386a647,1,可读取,
10_政策与目录,10_政策与目录/政策数据库/企策顾问/公示公告/金华市/技术中心/2026-03-31__关于公布建筑业领域2025年度金华市企业技术中心评价结果的通知__09a80edd869044e7916e6f80277effc1/附件/年度金华市企业技术中心评价结果的通知.pdf,4,309066,c7af55351bb1fcdbedd995daeb782dd8c857b1a1964846059a1bc3a453025031,1,可读取,
10_政策与目录,10_政策与目录/政策数据库/企策顾问/公示公告/金华市/科技计划/2025-12-30__浙江省科学技术厅关于下达2026年度“尖兵领雁+X”科技计划项目的通知__5b7bf8b7c220431181be47fd349ef779/附件/2026年度“尖兵领雁+X”科技计划立项项目清单.pdf,28,3316977,49205fc43d43610c1b4c0358b419a0efd3d23fa176047c1d6a9e1381db255b09,4,可读取,
10_政策与目录,10_政策与目录/政策数据库/企策顾问/公示公告/金华市/综合政策/2025-01-21__关于拟认定2024年浙江省历史经典产业传承创新工作室名单的公示__5be9e686241449cf8463ae9a0aebaf18/附件/拟认定2024年浙江省历史经典产业传承创新工作室名单.pdf,4,570840,4d751c07bfe69a202883dae190971f8d7c47cc380c99da855b6bf0980ac4a61c,4,可读取,
10_政策与目录,10_政策与目录/政策数据库/企策顾问/公示公告/金华市/综合政策/2025-07-18__2025年度浙江省工业设计职业资格考试成绩通过人员考后公示__8aa16ab6ca1e40189093b27eb55eeaa0/附件/附件2：浙江省社会保险和就业服务中心办公室关于做好2025年度工业设计职业资格考试考务工作的通知.pdf,11,500975,e612bdfa823040aab9f26b78dd3b5e64a588b0012febe9e7669036df152c397f,4,可读取,
10_政策与目录,10_政策与目录/政策数据库/企策顾问/公示公告/金华市/高新/2025-04-03__关于下达2023年度金华市区高新技术企业奖励资金的通知__455bc2921dfe4467ac6d30ddef1d8d2f/附件/金市科〔2025〕17号-金华市科学技术局 关于下达2023年度金华市区高新技术企业奖励资金的通知.pdf,16,3912835,702c15669fbfc9e74b722377f0aa7daa7e8b5b6aec456855a7d59e7ac3beec6e,1,可读取,
10_政策与目录,10_政策与目录/政策数据库/企策顾问/公示公告/金华市/高新/2025-07-16__浙江省认定机构：关于取消长兴华隆丝绸有限公司等4家企业高新技术企业资格的通告__132f8898665a4195bf6237a17c949fc8/附件/浙江省认定机构：关于取消长兴华隆丝绸有限公司等4家企业高新技术企业资格的通告.pdf,4,673354,1e643afd7d94edf90aefde3e7145485c176dced4bf85ba7b50f3b8d2c9b5c867,4,可读取,
10_政策与目录,10_政策与目录/政策数据库/企策顾问/公示公告/金华市/高新/2025-07-16__浙江省认定机构：关于浙江省2025年第一批异地整体搬迁高新技术企业资格继续有效名单的通告__c757e1a694e14225929752a12dfecc48/附件/浙江省认定机构：关于浙江省2025年第一批异地整体搬迁高新技术企业资格继续有效名单的通告.pdf,4,1021074,66bec571cc4ddf0889619bebc9567ec343be37952ee3068212ff11dbf6b494a4,4,可读取,
10_政策与目录,10_政策与目录/政策数据库/企策顾问/公示公告/金华市/高新/2025-07-22__浙江省认定机构：关于公布浙江省2025年第一批高新技术企业更名及重大变化的通告__08429971a5ec43b7bbc5dc1663b5b16c/附件/浙江省认定机构：关于公布浙江省2025年第一批高新技术企业更名及重大变化的通告.pdf,20,7469284,8b251b99f7bf672e2002b18842e0e5dd5795597f375b809dafca7188f9a3d133,4,可读取,
10_政策与目录,10_政策与目录/政策数据库/企策顾问/公示公告/金华市/高新/2025-08-14__浙江省认定机构：关于公布浙江省2025年第二批高新技术企业更名及重大变化的通告__0755d5b0d2f24becb02b4d3ddb861be0/附件/浙江省认定机构：关于公布浙江省2025年第二批高新技术企业更名及重大变化的通告.pdf,12,3080940,93229a51698564bd9c02fe7232adef18af785b4f8680880abb4fa09807bddbf6,4,可读取,
10_政策与目录,10_政策与目录/政策数据库/企策顾问/公示公告/金华市/高新/2025-08-18__浙江省认定机构：关于浙江省2025年第二批异地整体搬迁高新技术企业资格继续有效名单的通告__3776697a885c44269aa4954b6eb14343/附件/浙江省认定机构：关于浙江省2025年第二批异地整体搬迁高新技术企业资格继续有效名单的通告.pdf,6,1326962,9f9fe34d0592a11c4ba6ca93a5d342a827c4e3e268bd792f25581bd66a5a952c,4,可读取,
10_政策与目录,10_政策与目录/政策数据库/企策顾问/公示公告/金华市/高新/2026-02-02__浙江省认定机构：关于取消浙江丰扬钢结构有限公司等13家企业高新技术企业资格的通告__8ed0735c0b5e4321adbf0ea54fdf3000/附件/浙江省认定机构：关于取消浙江丰扬钢结构有限公司等13家企业高新技术企业资格的通告.pdf,4,874610,cdd1977af40f9565015549749f6082519f91a64dc9a77106d75587353074387e,4,可读取,
10_政策与目录,10_政策与目录/政策数据库/企策顾问/申报通知/宁波市/人才项目/2025-11-10__关于做好2025年度宁波市工业工程技术人员中级专业技术职务任职资格申报评审工作的通知__3de09113391a44648e6c9cee6916b001/附件/关于做好2025年度宁波市工业工程技术人员中级专业技术职务任职资格申报评审工作的通知.pdf,16,2025807,c5ab99d9d24e2af147e7d4bbbb45984f44ff6e2b3a1902fbe414eb121435b972,1,可读取,
10_政策与目录,10_政策与目录/政策数据库/企策顾问/申报通知/宁波市/人才项目/2025-11-10__关于做好2025年度宁波市数字工程技术人员中级专业技术职务任职资格申报评审工作的通知__0933ff0832ca4d78b0e9c20833744678/附件/关于做好2025年度宁波市数字工程技术人员中级专业技术职务任职资格申报评审工作的通知(1).pdf,16,2000103,a75d38c6f0b95403d7601457047c65ac93a79ac431b62add4e44bb9cc5ebde52,1,可读取,
10_政策与目录,10_政策与目录/政策数据库/企策顾问/申报通知/宁波市/优质中小企业梯度培育/2025-05-29__关于组织做好2025年专精特新“小巨人”企业认定和复核工作的通知__3434d2625ce84fef8d71d6c5b0fc0f85/附件/[附件下载].pdf,33,3537785,760b0bc424e66e64f6765071bffda46ec6dea08ca1826c25da832b46e582be21,1,可读取,
10_政策与目录,10_政策与目录/政策数据库/企策顾问/申报通知/宁波市/优质中小企业梯度培育/2026-04-03__关于组织开展2026年度宁波市第一批创新型中小企业评价认定及2023年第一批到期复核工作的通知__a2c8f3ab15d543c39eb2c14356fd1d87/附件/[附件下载].pdf,17,1254138,fc0ab46f8e823ec0af7a1db1b24c269b1d83587d365695d54bd37b59d0c46248,1,可读取,
10_政策与目录,10_政策与目录/政策数据库/企策顾问/申报通知/宁波市/优质中小企业梯度培育/【过期】2025-05-30__浙江省经济和信息化厅关于开展2025年专精特新“小巨人”企业申报推荐和复核工作的通知__ab7f5f9fec9248e993f9dfc66999b08f/附件/浙经信软件〔2025〕140号.pdf,32,6552739,dcb1b11d7bd8069f51eb2023208bc7f4300e99bf561b3a897a7a60b438678592,4,可读取,
10_政策与目录,10_政策与目录/政策数据库/企策顾问/申报通知/宁波市/全省重点实验室/2025-12-02__关于组织开展2026年度市重点实验室认定及2023年市重点实验室绩效评价的通知__af5762fd68e44eeba8a36c603d302334/附件/附件1.《宁波市重点实验室认定和运行管理办法》.pdf.pdf,18,2238047,66221f36dfbdf376e6347c0f216524ec362fe851727a9ad544cd4266a9c6cabc,1,可读取,
10_政策与目录,10_政策与目录/政策数据库/企策顾问/申报通知/宁波市/加计扣除/2025-03-21__关于做好2024年度享受研发费用加计扣除政策的工业母机企业申报工作的通知__6dfacaae43c545fca90f2728ef4cb95e/附件/2.关于2024年度享受研发费用加计扣除政策的工业母机企业清单制定工作有关事项的通知..pdf,8,5737816,07bd499988fcfb1156ddb6c6d644e7af05d4bc3acf861470f4f53592f52d6e7d,3,可读取,
10_政策与目录,10_政策与目录/政策数据库/企策顾问/申报通知/宁波市/技术改造和未来工厂/2025-06-12__关于开展2025年度绿色工厂创建及绿色化改造认定工作的通知__bdb3cedec9fb4c449c5f4181a6c33c6b/附件/附件4：宁波市星级绿色工厂评价办法（2024版）.pdf,24,2703783,6a9c6c52792a8367d5a7ac0295e7e4a2a0d022a736124b620792253bd4782752,3,可读取,
10_政策与目录,10_政策与目录/政策数据库/企策顾问/申报通知/宁波市/技术改造和未来工厂/2025-06-12__关于开展2025年度绿色工厂创建及绿色化改造认定工作的通知__bdb3cedec9fb4c449c5f4181a6c33c6b/附件/附件5：宁波市工业企业绿色化改造评价表（2025年修订版）.pdf,8,1030123,80b2941f6acb9eb66f4bed5cadf40cabe428f6a4a5ed5b039dbd1bf4031c8642,3,可读取,
10_政策与目录,10_政策与目录/政策数据库/企策顾问/申报通知/宁波市/技术改造和未来工厂/2025-06-12__关于开展2025年度绿色工厂创建及绿色化改造认定工作的通知__bdb3cedec9fb4c449c5f4181a6c33c6b/附件/附件6：关于发布宁波市第一批绿色制造专家库和第三方服务机构名录库的通知.pdf,7,709993,9c5467d1b77ea8074da6f5e8a4d9354219e6fe4c861cb4ae4937e7ba66fe4ee0,3,可读取,
10_政策与目录,10_政策与目录/政策数据库/企策顾问/申报通知/宁波市/技术改造和未来工厂/2025-06-12__关于开展2025年度绿色工厂创建及绿色化改造认定工作的通知__bdb3cedec9fb4c449c5f4181a6c33c6b/附件/附件7：关于发布宁波市第二批绿色制造入库专家名单和入库第三方服务机构名录的通知.pdf,8,759410,06a5e1b338f7514010867b4b7ac2e9a07bd9f03d487e9ccec0e8aea956540a0a,3,可读取,
10_政策与目录,10_政策与目录/政策数据库/企策顾问/申报通知/宁波市/技术改造和未来工厂/2025-10-11__关于开展2025年度国家级绿色工厂推荐工作的通知__c1a926a7d4a4491cb8d6efaa76d83d0b/附件/附件5：工业和信息化部办公厅关于开展2025年度绿色工厂推荐工作的通知.pdf,3,463776,8bce9e194d179e3f372f7166118957fa4f77a92d158c5b3861475de4c5cb208c,1,可读取,
10_政策与目录,10_政策与目录/政策数据库/企策顾问/申报通知/宁波市/技术改造和未来工厂/2025-12-16__关于开展2025年度第六批绿色工厂创建及第三批绿色化改造认定工作的通知__27262dd832d64a609c6738e74c2139c8/附件/附件4：宁波市星级绿色工厂评价办法（2024版）.pdf,24,2703783,6a9c6c52792a8367d5a7ac0295e7e4a2a0d022a736124b620792253bd4782752,3,可读取,
10_政策与目录,10_政策与目录/政策数据库/企策顾问/申报通知/宁波市/技术改造和未来工厂/2025-12-16__关于开展2025年度第六批绿色工厂创建及第三批绿色化改造认定工作的通知__27262dd832d64a609c6738e74c2139c8/附件/附件5：宁波市工业企业绿色化改造评价表（2025年修订版）.pdf,8,1030123,80b2941f6acb9eb66f4bed5cadf40cabe428f6a4a5ed5b039dbd1bf4031c8642,3,可读取,
10_政策与目录,10_政策与目录/政策数据库/企策顾问/申报通知/宁波市/技术改造和未来工厂/2025-12-16__关于开展2025年度第六批绿色工厂创建及第三批绿色化改造认定工作的通知__27262dd832d64a609c6738e74c2139c8/附件/附件6：关于发布宁波市第一批绿色制造专家库和第三方服务机构名录库的通知.pdf,7,709993,9c5467d1b77ea8074da6f5e8a4d9354219e6fe4c861cb4ae4937e7ba66fe4ee0,3,可读取,
10_政策与目录,10_政策与目录/政策数据库/企策顾问/申报通知/宁波市/技术改造和未来工厂/2025-12-16__关于开展2025年度第六批绿色工厂创建及第三批绿色化改造认定工作的通知__27262dd832d64a609c6738e74c2139c8/附件/附件7：关于发布宁波市第二批绿色制造入库专家名单和入库第三方服务机构名录的通知.pdf,8,759410,06a5e1b338f7514010867b4b7ac2e9a07bd9f03d487e9ccec0e8aea956540a0a,3,可读取,
10_政策与目录,10_政策与目录/政策数据库/企策顾问/申报通知/宁波市/技术改造和未来工厂/2026-05-22__关于开展2026年度第二批绿色工厂创建及绿色化改造认定工作的通知__89d17b4cd7e14967b4b909255db61e49/附件/附件4：宁波市星级绿色工厂评价办法（2024版）.pdf,24,2703783,6a9c6c52792a8367d5a7ac0295e7e4a2a0d022a736124b620792253bd4782752,3,可读取,
10_政策与目录,10_政策与目录/政策数据库/企策顾问/申报通知/宁波市/技术改造和未来工厂/2026-05-22__关于开展2026年度第二批绿色工厂创建及绿色化改造认定工作的通知__89d17b4cd7e14967b4b909255db61e49/附件/附件5：宁波市工业企业绿色化改造评价表（2025年修订版）.pdf,8,1030123,80b2941f6acb9eb66f4bed5cadf40cabe428f6a4a5ed5b039dbd1bf4031c8642,3,可读取,
10_政策与目录,10_政策与目录/政策数据库/企策顾问/申报通知/宁波市/技术改造和未来工厂/2026-05-22__关于开展2026年度第二批绿色工厂创建及绿色化改造认定工作的通知__89d17b4cd7e14967b4b909255db61e49/附件/附件6：关于发布宁波市第一批绿色制造专家库和第三方服务机构名录库的通知.pdf,7,709993,9c5467d1b77ea8074da6f5e8a4d9354219e6fe4c861cb4ae4937e7ba66fe4ee0,3,可读取,
10_政策与目录,10_政策与目录/政策数据库/企策顾问/申报通知/宁波市/技术改造和未来工厂/2026-05-22__关于开展2026年度第二批绿色工厂创建及绿色化改造认定工作的通知__89d17b4cd7e14967b4b909255db61e49/附件/附件7：关于发布宁波市第二批绿色制造入库专家名单和入库第三方服务机构名录的通知.pdf,8,759410,06a5e1b338f7514010867b4b7ac2e9a07bd9f03d487e9ccec0e8aea956540a0a,3,可读取,
10_政策与目录,10_政策与目录/政策数据库/企策顾问/申报通知/宁波市/科技计划/2025-05-19__浙江省自然资源厅浙江省科学技术厅关于组织申报深地国家科技重大专项2025年度项目的通知__feee8ea721e1443a88e573be8c7810a8/附件/浙自然资厅函〔2025〕453 浙江省自然资源厅 浙江省科技厅关于组织申报深地国家科技重大专项的通知.pdf,86,5888442,207966e4a8d609a80f8cb9165c0dbf853329c26892997ba3b09da72f2dc957b3,4,可读取,
10_政策与目录,10_政策与目录/政策数据库/企策顾问/申报通知/宁波市/科技计划/2025-05-19__浙江省自然资源厅浙江省科学技术厅关于组织申报深地国家科技重大专项2025年度项目的通知__feee8ea721e1443a88e573be8c7810a8/附件/自然资源部关于发布深地国家科技重大专项2025年度公开项目申报指南的通知.pdf,82,5414369,e19768fac8107d62a9daedf3723de1f30eaa54e4ad4796dd0082c04778131539,4,可读取,
10_政策与目录,10_政策与目录/政策数据库/企策顾问/申报通知/宁波市/综合政策/2025-02-05__关于开展宁波市万兆光网试点申报工作的通知__b6d42d07b4f3450c844fc25e7160b539/附件/附件1：工业和信息化部办公厅关于开展万兆光网试点工作的通知.pdf,16,7418930,4f9241aa5a74d79eca093b3e621e4a231f7423b8ea932da3ddebef821c3ae404,1,可读取,
10_政策与目录,10_政策与目录/政策数据库/企策顾问/申报通知/宁波市/综合政策/2025-03-05__关于组织开展2025年县域充换电设施补短板试点申报工作的通知__d9145f65ecaf4e8394658b7dff7a9d9d/附件/附件1：财政部 工业和信息化部 交通运输部关于开展县域充换电设施补短板试点工作的通知.pdf,17,3143910,5da6a51823dd11511e05bcf860f2a2d58eac25fd2cf357e83e6f9b30f18f74e0,3,可读取,
10_政策与目录,10_政策与目录/政策数据库/企策顾问/申报通知/宁波市/综合政策/2025-03-12__浙江省哲学社会科学规划部门合作专项研究课题（应急管理政策研究）开始申报__d3091d11e0c1493faea89e41eab653f1/附件/关于做好2025年度浙江省哲学社会科学规划部门合作专项研究课题申报工作的通知.pdf,4,1576341,1d53f3e80124bf6969bde855756e09191abb6561bd2228c15c476dc481bb6863,3,可读取,
10_政策与目录,10_政策与目录/政策数据库/企策顾问/申报通知/宁波市/综合政策/2025-03-21__关于开展2025年印染行业规范企业公告申报工作的通知__9bbee4466a3a43c09c5f4e19f24d737e/附件/1.工业和信息化部办公厅关于开展2025年印染行业规范企业公告申报工作的通知.pdf,2,1224936,da1b410e559b2723bda8a85f471de96eefc8ef719067b3bd06a0a85edc668b4a,3,可读取,
10_政策与目录,10_政策与目录/政策数据库/企策顾问/申报通知/宁波市/综合政策/2025-03-21__关于组织申报2025年度中外中小企业合作区的通知__9585cc5e2e9e4d9892a356735b930f88/附件/附件2：中外中小企业合作区管理暂行办法.pdf,10,3663394,a687037ce39f295b18b9b1f6398c0a3f4e7b0581c7c6149c9720ecb515a684b1,1,可读取,
10_政策与目录,10_政策与目录/政策数据库/企策顾问/申报通知/宁波市/综合政策/2025-03-28__关于征集知识产权服务专员和知识产权特派员的通知__f97630575061407faca89485149091b8/附件/附件1：浙江省质量标准与知识产权强省工作领导小组办公室印发《关于建立知识产权服务专员机制助力创新浙江建设的实施方案》等文件的通知.pdf,10,5221681,b87be165a8091226e0ce67e72f151a6ad34c0419719e101ca5c411741c78c60c,10,可读取,
10_政策与目录,10_政策与目录/政策数据库/企策顾问/申报通知/宁波市/综合政策/2025-03-28__关于组织申报2025年度中小企业特色产业集群的通知__229b1a7e62174587b4cf729c71c1f83f/附件/附件5：促进中小企业特色产业集群发展暂行办法.pdf,12,12795713,c61caf580459fd0f7d1912179ad988c0885dbc7be79cb3fa75b2586a075275f0,2,可读取,
10_政策与目录,10_政策与目录/政策数据库/企策顾问/申报通知/宁波市/综合政策/2025-03-28__关于组织申报2025年度中小企业特色产业集群的通知__229b1a7e62174587b4cf729c71c1f83f/附件/附件6：工业和信息化部办公厅关于组织开展2025年度中小企业特色产业集群推荐和2022年度中小企业特色产业集群复核工作的通知.pdf,42,12871990,68e10dbabf9775099032eb3833020d6313771587de1930e793aff522a4a29e50,2,可读取,
10_政策与目录,10_政策与目录/政策数据库/企策顾问/申报通知/宁波市/综合政策/2025-03-31__浙江省质量标准和知识产权强省工作领导小组办公室关于征集知识产权服务专员和知识产权特派员的通知__20afc0d2cac54213be2825f581ca12cc/附件/附件1：浙江省质量标准与知识产权强省工作领导小组办公室印发《关于建立知识产权服务专员机制助力创新浙江建设的实施方案》等文件的通知.pdf,10,5221681,b87be165a8091226e0ce67e72f151a6ad34c0419719e101ca5c411741c78c60c,10,可读取,
10_政策与目录,10_政策与目录/政策数据库/企策顾问/申报通知/宁波市/综合政策/2025-04-01__2025年度中小企业特色产业集群开始申报__5d98c00515d64e6ab0cc908c1a905cf2/附件/附件5：促进中小企业特色产业集群发展暂行办法.pdf,12,12795713,c61caf580459fd0f7d1912179ad988c0885dbc7be79cb3fa75b2586a075275f0,2,可读取,
10_政策与目录,10_政策与目录/政策数据库/企策顾问/申报通知/宁波市/综合政策/2025-04-01__2025年度中小企业特色产业集群开始申报__5d98c00515d64e6ab0cc908c1a905cf2/附件/附件6：工业和信息化部办公厅关于组织开展2025年度中小企业特色产业集群推荐和2022年度中小企业特色产业集群复核工作的通知.pdf,42,12871990,68e10dbabf9775099032eb3833020d6313771587de1930e793aff522a4a29e50,2,可读取,
10_政策与目录,10_政策与目录/政策数据库/企策顾问/申报通知/宁波市/综合政策/2025-05-21__关于组织开展2025年度宁波市级医药储备承储单位申报工作的通知__00e509de3aa24eb993bd2d03adbf98b4/附件/[附件下载].pdf,15,1786818,8a853b774b1e98746a65df7afa55578e4c4efff38b0657d040711823ef292838,1,可读取,
10_政策与目录,10_政策与目录/政策数据库/企策顾问/申报通知/宁波市/综合政策/2025-05-27__转发宁波市科技局关于落实好2025年“创新积分制”企业信息征集工作的通知__806f5a55f6084f5baf944ae150cca95a/附件/附件1.科技部办公厅关于做好2025年“创新积分制”企业信息征集工作的通知.pdf,12,2779857,855a7fc7b4807609a0923c9887b26c1b5d70aa2958c6129efc4d99458979ed55,1,可读取,
10_政策与目录,10_政策与目录/政策数据库/企策顾问/申报通知/宁波市/综合政策/2025-06-10__关于开展第二批工业机器人行业规范公告申报工作的通知__a82037af984143dfbd8c5a9eabf0a399/附件/工业和信息化部办公厅关于开展第二批工业机器人行业规范公告申报工作的通知.pdf,13,851592,a284152aa49d0f7b5009c53693bccae67bed10791c23b4608ededaa0e3c23e5e,4,可读取,
10_政策与目录,10_政策与目录/政策数据库/企策顾问/申报通知/宁波市/综合政策/2025-07-21__转发工业和信息化部办公厅关于开展2025年度十大类纺织创新精品建设推广工作的通知__c445025428494b9fa742f363a7cbb3d6/附件/2025年度十大类纺织创新精品建设推广工作网上申报流程说明.pdf,2,357911,2ae2f57bfadaa1d2f6b0064206b8206e94fb8110903f0c3e254e1a7242a03916,4,可读取,
10_政策与目录,10_政策与目录/政策数据库/企策顾问/申报通知/宁波市/综合政策/2025-07-29__关于组织开展2025年宁波市“瞪羚之星”企业申报的通知__62049b077df748a78a61337f1968333d/附件/附件4关于印发《宁波市“瞪羚之星”企业认定管理办法》的通知.pdf,8,978220,8932ab6069548a493801bafc473505e5a5ebaa3587b3afdbe0e7124a348d3645,1,可读取,
10_政策与目录,10_政策与目录/政策数据库/企策顾问/申报通知/宁波市/综合政策/2025-10-21__关于开展2025年度人形机器人产业政策申报的通知__3d8aa1d268e5444aaae3c1997d267a09/附件/[附件下载].pdf,29,2579931,ac6499aad9b9d54165925fdddc063c164ac9ff3fbaebc65227a0636dba02a9f1,1,可读取,
10_政策与目录,10_政策与目录/政策数据库/企策顾问/申报通知/宁波市/综合政策/2026-03-16__浙江省财政厅等五部门关于开展2026年县域充换电设施补短板试点申报有关工作的通知__e5952a9b33f7441cbbc24478566d3dbb/附件/财政部办公厅等3部门关于开展2026年县域充换电设施补短板试点申报有关工作的通知.pdf,16,6735008,2d3241609565329fe0b7fd82cbd265cabbd353414dd10b2f37c8743d4e789436,4,可读取,
10_政策与目录,10_政策与目录/政策数据库/企策顾问/申报通知/宁波市/综合政策/2026-05-15__浙江省质量标准和知识产权强省工作领导小组办公室关于征集第二批知识产权服务专员及服务对象的通知__9c8e75edde064f768f0dac18cb04ca29/附件/附件1：浙江省质量标准和知识产权强省工作领导小组办公室印发《关于建立知识产权服务专员机制助力创新浙江建设的实施方案》等文件的通知.pdf,10,5221681,b87be165a8091226e0ce67e72f151a6ad34c0419719e101ca5c411741c78c60c,10,可读取,
10_政策与目录,10_政策与目录/政策数据库/企策顾问/申报通知/宁波市/综合政策/2026-05-18__宁波市财政局宁波市发展和改革委员会关于支持会计服务业高质量发展专项政策的实施细则__6085d828af7d405abceaa70e3976abfc/附件/宁波市财政局 宁波市发展和改革委员会关于支持会计服务业高质量发展专项政策的实施细则.pdf,17,6228391,481d91f17700ee6196d150193c43a22d22bb02eb1f581b29e7d8d2b78de63240,1,可读取,
10_政策与目录,10_政策与目录/政策数据库/企策顾问/申报通知/宁波市/软件与数字经济/2025-03-21__关于组织推荐申报2025年世界互联网大会领先科技奖项目的通知__077e23ece6ea4fe0af19adc00888f2df/附件/附件1：2025世界互联网大会领先科技奖申报通知.pdf,4,3390238,3db90043b1d12e2dee4b2816d3e8e5c4c60052ce34519b3b43f2428810f0486c,1,可读取,
10_政策与目录,10_政策与目录/政策数据库/企策顾问/申报通知/宁波市/软件与数字经济/2025-03-21__关于组织推荐申报2025年世界互联网大会领先科技奖项目的通知__077e23ece6ea4fe0af19adc00888f2df/附件/附件2：2024年世界互联网大会领先科技奖获奖项目名单.pdf,2,1579875,d8bb4acbac0090e3bdc7fb0b30dad1082cb2e60429697f53452ea7249c04ee89,1,可读取,
10_政策与目录,10_政策与目录/政策数据库/企策顾问/申报通知/宁波市/软件与数字经济/2026-06-15__关于开展宁波市第一批高质量数据集建设揭榜挂帅验收工作的通知__5b7c4db73c154b628f637c61e3ea55d3/附件/附件5： 关于公布宁波市第一批高质量数据集建设揭榜挂帅入围单位的通知（甬经信数智〔2026〕53号）.pdf,6,495428,1aceebd4d6a47b3eefd1e44afef18356c70e8298698122616487f25ecfad2e59,1,可读取,
10_政策与目录,10_政策与目录/政策数据库/企策顾问/申报通知/宁波市/软件与数字经济/2026-06-15__关于开展宁波市第一批高质量数据集建设揭榜挂帅验收工作的通知__5b7c4db73c154b628f637c61e3ea55d3/附件/附件6：关于印发《宁波市高质量数据集建设评价体系指引（试行）》的通知（甬经信数智〔2026〕9号）.pdf,4,538877,116862db21d64bb82ac390e59a8fb3b3ee5145fd414a8e2ca833249e686cc298,1,可读取,
10_政策与目录,10_政策与目录/政策数据库/企策顾问/申报通知/宁波市/高新/2025-04-24__转发《关于组织开展2025年度高新技术企业认定工作的通知》的通知__99becf511c3d4ffd8a73b4226cc1e3e7/附件/甬高企认领办[2025]2号关于组织开展2025年度高新技术企业认定工作的通知.pdf,9,4367974,827322847d28f2de56415812c53c23f27f7bac154150333022d0471363da27a5,1,可读取,
10_政策与目录,10_政策与目录/政策数据库/企策顾问/申报通知/杭州市/人才项目/2025-07-18__杭州市科学技术局关于做好2025年度杭州市自然科学研究（实验技术）人员中级职称评审和副高级资格推荐工作的通知__0546ab2264294776a3b489207789808f/附件/杭州市科学技术局关于做好2025年度杭州市自然科学研究（实验技术）人员中级职称评审和副高级资格推荐工作的通知.pdf,7,1237413,fed8edff8281ea03e2518dab9c7f79fb23e8cf925e3d091ba76f93262d7e6ccf,1,可读取,
10_政策与目录,10_政策与目录/政策数据库/企策顾问/申报通知/杭州市/优质中小企业梯度培育/【过期】2025-05-30__浙江省经济和信息化厅关于开展2025年专精特新“小巨人”企业申报推荐和复核工作的通知__ab7f5f9fec9248e993f9dfc66999b08f/附件/浙经信软件〔2025〕140号.pdf,32,6552739,dcb1b11d7bd8069f51eb2023208bc7f4300e99bf561b3a897a7a60b438678592,4,可读取,
10_政策与目录,10_政策与目录/政策数据库/企策顾问/申报通知/杭州市/科技计划/2025-05-19__浙江省自然资源厅浙江省科学技术厅关于组织申报深地国家科技重大专项2025年度项目的通知__feee8ea721e1443a88e573be8c7810a8/附件/浙自然资厅函〔2025〕453 浙江省自然资源厅 浙江省科技厅关于组织申报深地国家科技重大专项的通知.pdf,86,5888442,207966e4a8d609a80f8cb9165c0dbf853329c26892997ba3b09da72f2dc957b3,4,可读取,
10_政策与目录,10_政策与目录/政策数据库/企策顾问/申报通知/杭州市/科技计划/2025-05-19__浙江省自然资源厅浙江省科学技术厅关于组织申报深地国家科技重大专项2025年度项目的通知__feee8ea721e1443a88e573be8c7810a8/附件/自然资源部关于发布深地国家科技重大专项2025年度公开项目申报指南的通知.pdf,82,5414369,e19768fac8107d62a9daedf3723de1f30eaa54e4ad4796dd0082c04778131539,4,可读取,
10_政策与目录,10_政策与目录/政策数据库/企策顾问/申报通知/杭州市/综合政策/2025-06-10__关于开展第二批工业机器人行业规范公告申报工作的通知__a82037af984143dfbd8c5a9eabf0a399/附件/工业和信息化部办公厅关于开展第二批工业机器人行业规范公告申报工作的通知.pdf,13,851592,a284152aa49d0f7b5009c53693bccae67bed10791c23b4608ededaa0e3c23e5e,4,可读取,
10_政策与目录,10_政策与目录/政策数据库/企策顾问/申报通知/杭州市/综合政策/2025-07-04__关于开展杭州市农业与社会发展领域重点科研项目2025年中期检查工作的通知__5fd6942a33f448018dc51ce445ce8fd3/附件/关于开展杭州市农业与社会发展领域重点科研项目2025年中期检查工作的通知.pdf,11,2034496,9d8c1bddbfedb21c8c36708f15916fb729e8d67a4ed263df8befecb6d4315025,1,可读取,
10_政策与目录,10_政策与目录/政策数据库/企策顾问/申报通知/杭州市/综合政策/2025-07-21__转发工业和信息化部办公厅关于开展2025年度十大类纺织创新精品建设推广工作的通知__c445025428494b9fa742f363a7cbb3d6/附件/2025年度十大类纺织创新精品建设推广工作网上申报流程说明.pdf,2,357911,2ae2f57bfadaa1d2f6b0064206b8206e94fb8110903f0c3e254e1a7242a03916,4,可读取,
10_政策与目录,10_政策与目录/政策数据库/企策顾问/申报通知/杭州市/综合政策/2025-09-04__2025年度“杭州市信用管理示范企业”开始申报啦__2407a4945bfb4902abff2cccddcdcf91/附件/GB T 23794-2023 企业信用评价指标.pdf,16,10269587,8f90b8a82fe4e6ac5553168c6b99a44ab937dee71b4d3242a6099855fcf25fc3,1,可读取,
10_政策与目录,10_政策与目录/政策数据库/企策顾问/申报通知/杭州市/综合政策/2025-09-04__2025年度“杭州市信用管理示范企业”开始申报啦__2407a4945bfb4902abff2cccddcdcf91/附件/GB T 31950-2023 企业诚信管理体系 要求.pdf,34,22996013,cfca072d4065621cf957ed66b65e6868575349dd13f58e8ec0ff354e9b4dedce,1,可读取,
10_政策与目录,10_政策与目录/政策数据库/企策顾问/申报通知/杭州市/综合政策/2025-11-17__关于组织开展2025年杭州市生物医药及合成生物产业高质量发展专项申报工作的通知（第二批）__5298045039a74c47b728e47428e72c1a/附件/附件：杭州市经信局（市数字经济局）关于组织开展2025年杭州市生物医药及合成生物产业高质量发展专项申报工作的通知（第二批）.pdf,7,314330,c86af9e8b6453bd07909d862caab867f192587b9e5d2a2d471437a14cbcfbb18,1,可读取,
10_政策与目录,10_政策与目录/政策数据库/企策顾问/申报通知/杭州市/综合政策/2026-03-16__浙江省财政厅等五部门关于开展2026年县域充换电设施补短板试点申报有关工作的通知__e5952a9b33f7441cbbc24478566d3dbb/附件/财政部办公厅等3部门关于开展2026年县域充换电设施补短板试点申报有关工作的通知.pdf,16,6735008,2d3241609565329fe0b7fd82cbd265cabbd353414dd10b2f37c8743d4e789436,4,可读取,
10_政策与目录,10_政策与目录/政策数据库/企策顾问/申报通知/杭州市/综合政策/2026-05-15__浙江省质量标准和知识产权强省工作领导小组办公室关于征集第二批知识产权服务专员及服务对象的通知__9c8e75edde064f768f0dac18cb04ca29/附件/附件1：浙江省质量标准和知识产权强省工作领导小组办公室印发《关于建立知识产权服务专员机制助力创新浙江建设的实施方案》等文件的通知.pdf,10,5221681,b87be165a8091226e0ce67e72f151a6ad34c0419719e101ca5c411741c78c60c,10,可读取,
10_政策与目录,10_政策与目录/政策数据库/企策顾问/申报通知/杭州市/综合政策/2026-05-19__通知_关于组织开展2026年度省级工业设计中心认定和复核的通知__3e1dfda874a84e088562ead6e4e0f680/附件/【浙江省经信厅】关于组织开展2026年度省级工业设计中心认定和复核的通知.pdf,,3934066,fd27f9399b6a1d8a08926a9499a3fa0c955ba409f11bf123924e41522d3a6ffb,1,PDF结构异常,PdfReadError:Could not read Boolean object
10_政策与目录,10_政策与目录/政策数据库/企策顾问/申报通知/杭州市/软件与数字经济/2025-05-27__杭州市科学技术局关于开展2022年人工智能重大科技创新项目政策兑现工作的通知__9b8c1cd5709349228788653f586048ec/附件/杭州市科学技术局关于开展2022年人工智能重大科技创新项目政策兑现工作的通知.pdf,11,1158578,cf1d82f48f0dbca60530d9284250f2e94cddd3512fea938f0cbe043bfce8bd69,1,可读取,
10_政策与目录,10_政策与目录/政策数据库/企策顾问/申报通知/杭州市/软件与数字经济/2025-07-28__杭州市经济和信息化局（杭州市数字经济局）关于做好2025年度杭州市制造业专业工程师资格评审工作的通知__88d95c56a71040648c093386c824ee1f/附件/杭州市经济和信息化局（杭州市数字经济局）关于做好2025年度杭州市制造业专业工程师资格评审工作的通知（杭经信人事【2025】76号）.pdf,14,8238173,7cc243cac6b1d628483bb5457538158a3c42badba6b6b540b69f3c2113ccde1d,1,可读取,
10_政策与目录,10_政策与目录/政策数据库/企策顾问/申报通知/杭州市/软件与数字经济/2025-07-31__市经信局（市数字经济局）市市场监管局关于组织开展2025年杭州市合成生物产业高质量发展专项申报工作的通知__b6e498bb51d3483c946993cbf30260ff/附件/市经信局（市数字经济局） 市市场监管局关于组织开展2025年杭州市合成生物产业高质量发展专项申报工作的通知.pdf,34,1837653,4234b442c0f6867348513af8304fa040d751d25602f662e9b7077325b1c12759,1,可读取,
10_政策与目录,10_政策与目录/政策数据库/企策顾问/申报通知/杭州市/软件与数字经济/2025-08-07__杭州市经济和信息化局（杭州市数字经济局）关于开展2025年度杭州市化工轻纺专业高级工程师职务任职资格评审工作的通知__4c86f25a17fb4ed88bd5cca361f4467e/附件/杭州市经济和信息化局（杭州市数字经济局）关于开展2025年度杭州市化工轻纺专业高级工程师职务任职资格评审工作的通知.pdf,13,8174269,754165f261abbc7cc8b1d6e324821f2a77cc089ce4f6b65d3643e7a0bd352f76,1,可读取,
10_政策与目录,10_政策与目录/政策数据库/企策顾问/申报通知/杭州市/软件与数字经济/2025-08-11__杭州市经济和信息化局（杭州市数字经济局）关于做好2025下半年度杭州市制造业领域国际职业资格比照认定职称工作的通知__c4c6727535bd48a3b046296a0cf3e664/附件/杭州市经济和信息化局关于做好2025下半年度杭州市制造业领域国际职业资格比照认定职称工作的通知.pdf,7,4189080,16764c32a4a2f4077c98b111ae1cdfaf896dbd8ac16677a3f8a1a0c42ea08fc8,1,可读取,
10_政策与目录,10_政策与目录/政策数据库/企策顾问/申报通知/杭州市/首台套/2025-12-24__关于开展杭州市市级首台（套）装备保险补偿和应用奖励申报工作的通知__d94d089e243b441faf73ea0de698edb2/附件/关于开展2025年杭州市市级首台（套）装备保险补偿和应用奖励申报工作的通知 (1).pdf,17,981964,61eb8c5b2de13a77f4033548202e0d9326fee8956eb8772cb8503276165996cf,1,可读取,
10_政策与目录,10_政策与目录/政策数据库/企策顾问/申报通知/杭州市/首批次/2025-09-26__市经信局（市数字经济局）关于开展2025年杭州市首批次新材料应用奖励申报工作的通知__6a3ba91a9ec64f89995de695e1e060f5/附件/关于开展2025年杭州市首批次新材料应用奖励申报工作的通知（盖章版）.pdf,8,312394,37a6c2ac0688a5bf4a3da17105993b1fb1c3a26be85f3dedcef3ec94b8e36a0a,1,可读取,
10_政策与目录,10_政策与目录/政策数据库/企策顾问/申报通知/绍兴市/优质中小企业梯度培育/【过期】2025-05-30__浙江省经济和信息化厅关于开展2025年专精特新“小巨人”企业申报推荐和复核工作的通知__ab7f5f9fec9248e993f9dfc66999b08f/附件/浙经信软件〔2025〕140号.pdf,32,6552739,dcb1b11d7bd8069f51eb2023208bc7f4300e99bf561b3a897a7a60b438678592,4,可读取,
10_政策与目录,10_政策与目录/政策数据库/企策顾问/申报通知/绍兴市/加计扣除/2025-03-21__关于做好2024年度享受研发费用加计扣除政策的工业母机企业申报工作的通知__6dfacaae43c545fca90f2728ef4cb95e/附件/2.关于2024年度享受研发费用加计扣除政策的工业母机企业清单制定工作有关事项的通知..pdf,8,5737816,07bd499988fcfb1156ddb6c6d644e7af05d4bc3acf861470f4f53592f52d6e7d,3,可读取,
10_政策与目录,10_政策与目录/政策数据库/企策顾问/申报通知/绍兴市/科技计划/2025-05-19__浙江省自然资源厅浙江省科学技术厅关于组织申报深地国家科技重大专项2025年度项目的通知__feee8ea721e1443a88e573be8c7810a8/附件/浙自然资厅函〔2025〕453 浙江省自然资源厅 浙江省科技厅关于组织申报深地国家科技重大专项的通知.pdf,86,5888442,207966e4a8d609a80f8cb9165c0dbf853329c26892997ba3b09da72f2dc957b3,4,可读取,
10_政策与目录,10_政策与目录/政策数据库/企策顾问/申报通知/绍兴市/科技计划/2025-05-19__浙江省自然资源厅浙江省科学技术厅关于组织申报深地国家科技重大专项2025年度项目的通知__feee8ea721e1443a88e573be8c7810a8/附件/自然资源部关于发布深地国家科技重大专项2025年度公开项目申报指南的通知.pdf,82,5414369,e19768fac8107d62a9daedf3723de1f30eaa54e4ad4796dd0082c04778131539,4,可读取,
10_政策与目录,10_政策与目录/政策数据库/企策顾问/申报通知/绍兴市/综合政策/2025-03-05__关于组织开展2025年县域充换电设施补短板试点申报工作的通知__d9145f65ecaf4e8394658b7dff7a9d9d/附件/附件1：财政部 工业和信息化部 交通运输部关于开展县域充换电设施补短板试点工作的通知.pdf,17,3143910,5da6a51823dd11511e05bcf860f2a2d58eac25fd2cf357e83e6f9b30f18f74e0,3,可读取,
10_政策与目录,10_政策与目录/政策数据库/企策顾问/申报通知/绍兴市/综合政策/2025-03-12__浙江省哲学社会科学规划部门合作专项研究课题（应急管理政策研究）开始申报__d3091d11e0c1493faea89e41eab653f1/附件/关于做好2025年度浙江省哲学社会科学规划部门合作专项研究课题申报工作的通知.pdf,4,1576341,1d53f3e80124bf6969bde855756e09191abb6561bd2228c15c476dc481bb6863,3,可读取,
10_政策与目录,10_政策与目录/政策数据库/企策顾问/申报通知/绍兴市/综合政策/2025-03-21__关于开展2025年印染行业规范企业公告申报工作的通知__9bbee4466a3a43c09c5f4e19f24d737e/附件/1.工业和信息化部办公厅关于开展2025年印染行业规范企业公告申报工作的通知.pdf,2,1224936,da1b410e559b2723bda8a85f471de96eefc8ef719067b3bd06a0a85edc668b4a,3,可读取,
10_政策与目录,10_政策与目录/政策数据库/企策顾问/申报通知/绍兴市/综合政策/2025-03-28__关于征集知识产权服务专员和知识产权特派员的通知__f97630575061407faca89485149091b8/附件/附件1：浙江省质量标准与知识产权强省工作领导小组办公室印发《关于建立知识产权服务专员机制助力创新浙江建设的实施方案》等文件的通知.pdf,10,5221681,b87be165a8091226e0ce67e72f151a6ad34c0419719e101ca5c411741c78c60c,10,可读取,
10_政策与目录,10_政策与目录/政策数据库/企策顾问/申报通知/绍兴市/综合政策/2025-03-31__浙江省质量标准和知识产权强省工作领导小组办公室关于征集知识产权服务专员和知识产权特派员的通知__20afc0d2cac54213be2825f581ca12cc/附件/附件1：浙江省质量标准与知识产权强省工作领导小组办公室印发《关于建立知识产权服务专员机制助力创新浙江建设的实施方案》等文件的通知.pdf,10,5221681,b87be165a8091226e0ce67e72f151a6ad34c0419719e101ca5c411741c78c60c,10,可读取,
10_政策与目录,10_政策与目录/政策数据库/企策顾问/申报通知/绍兴市/综合政策/2025-06-10__关于开展第二批工业机器人行业规范公告申报工作的通知__a82037af984143dfbd8c5a9eabf0a399/附件/工业和信息化部办公厅关于开展第二批工业机器人行业规范公告申报工作的通知.pdf,13,851592,a284152aa49d0f7b5009c53693bccae67bed10791c23b4608ededaa0e3c23e5e,4,可读取,
10_政策与目录,10_政策与目录/政策数据库/企策顾问/申报通知/绍兴市/综合政策/2025-07-21__转发工业和信息化部办公厅关于开展2025年度十大类纺织创新精品建设推广工作的通知__c445025428494b9fa742f363a7cbb3d6/附件/2025年度十大类纺织创新精品建设推广工作网上申报流程说明.pdf,2,357911,2ae2f57bfadaa1d2f6b0064206b8206e94fb8110903f0c3e254e1a7242a03916,4,可读取,
10_政策与目录,10_政策与目录/政策数据库/企策顾问/申报通知/绍兴市/综合政策/2025-11-05__关于开展专利申请预审服务备案主体预备案及代理机构预登记工作的通知__ea8a2972fbc042dc8177ab52ff2bb31c/附件/关于开展专利申请预审服务备案主体预备案及代理机构预登记工作的通知.pdf,4,940011,4e387513274d963ce3255f6fa73d56c38b3ee17c0f1e6b72f282aac721487205,1,可读取,
10_政策与目录,10_政策与目录/政策数据库/企策顾问/申报通知/绍兴市/综合政策/2026-03-16__浙江省财政厅等五部门关于开展2026年县域充换电设施补短板试点申报有关工作的通知__e5952a9b33f7441cbbc24478566d3dbb/附件/财政部办公厅等3部门关于开展2026年县域充换电设施补短板试点申报有关工作的通知.pdf,16,6735008,2d3241609565329fe0b7fd82cbd265cabbd353414dd10b2f37c8743d4e789436,4,可读取,
10_政策与目录,10_政策与目录/政策数据库/企策顾问/申报通知/绍兴市/综合政策/2026-05-15__浙江省质量标准和知识产权强省工作领导小组办公室关于征集第二批知识产权服务专员及服务对象的通知__9c8e75edde064f768f0dac18cb04ca29/附件/附件1：浙江省质量标准和知识产权强省工作领导小组办公室印发《关于建立知识产权服务专员机制助力创新浙江建设的实施方案》等文件的通知.pdf,10,5221681,b87be165a8091226e0ce67e72f151a6ad34c0419719e101ca5c411741c78c60c,10,可读取,
10_政策与目录,10_政策与目录/政策数据库/企策顾问/申报通知/金华市/人才项目/2025-07-28__金华市科学技术局关于开展2025年度自然科学研究系列中、高级专业技术职务任职资格申报工作的通知__7dc3acc858784144871d73c09e343fdd/附件/浙江省人力资源和社会保障厅 浙江省科学技术厅关于印发《浙江省自然科学研究系列中、高级专业技术资格评价条件（试行）》的通知浙江省人力资源和社会保障厅 浙江省科学技术厅关于印.pdf,27,1211756,9faff3b4dc6325d396f82c9f4422cef13092afbb5a34445421d718e127cad723,1,可读取,
10_政策与目录,10_政策与目录/政策数据库/企策顾问/申报通知/金华市/优质中小企业梯度培育/【过期】2025-05-30__浙江省经济和信息化厅关于开展2025年专精特新“小巨人”企业申报推荐和复核工作的通知__ab7f5f9fec9248e993f9dfc66999b08f/附件/浙经信软件〔2025〕140号.pdf,32,6552739,dcb1b11d7bd8069f51eb2023208bc7f4300e99bf561b3a897a7a60b438678592,4,可读取,
10_政策与目录,10_政策与目录/政策数据库/企策顾问/申报通知/金华市/加计扣除/2025-03-21__关于做好2024年度享受研发费用加计扣除政策的工业母机企业申报工作的通知__6dfacaae43c545fca90f2728ef4cb95e/附件/2.关于2024年度享受研发费用加计扣除政策的工业母机企业清单制定工作有关事项的通知..pdf,8,5737816,07bd499988fcfb1156ddb6c6d644e7af05d4bc3acf861470f4f53592f52d6e7d,3,可读取,
10_政策与目录,10_政策与目录/政策数据库/企策顾问/申报通知/金华市/科技计划/2025-05-19__浙江省自然资源厅浙江省科学技术厅关于组织申报深地国家科技重大专项2025年度项目的通知__feee8ea721e1443a88e573be8c7810a8/附件/浙自然资厅函〔2025〕453 浙江省自然资源厅 浙江省科技厅关于组织申报深地国家科技重大专项的通知.pdf,86,5888442,207966e4a8d609a80f8cb9165c0dbf853329c26892997ba3b09da72f2dc957b3,4,可读取,
10_政策与目录,10_政策与目录/政策数据库/企策顾问/申报通知/金华市/科技计划/2025-05-19__浙江省自然资源厅浙江省科学技术厅关于组织申报深地国家科技重大专项2025年度项目的通知__feee8ea721e1443a88e573be8c7810a8/附件/自然资源部关于发布深地国家科技重大专项2025年度公开项目申报指南的通知.pdf,82,5414369,e19768fac8107d62a9daedf3723de1f30eaa54e4ad4796dd0082c04778131539,4,可读取,
10_政策与目录,10_政策与目录/政策数据库/企策顾问/申报通知/金华市/综合政策/2025-02-10__金华市科学技术局关于申报2023年度市区企业研发投入补助的通知__f8944096a3bf4708bfbaff75f1d2fb35/附件/金华市科学技术局关于申报2023年度市区企业研发投入补助的通知.pdf,14,2446839,c09b302bc90495170c96023f133a46a9392c393c85134c87a06b240474ec8240,1,可读取,
10_政策与目录,10_政策与目录/政策数据库/企策顾问/申报通知/金华市/综合政策/2025-03-05__关于组织开展2025年县域充换电设施补短板试点申报工作的通知__d9145f65ecaf4e8394658b7dff7a9d9d/附件/附件1：财政部 工业和信息化部 交通运输部关于开展县域充换电设施补短板试点工作的通知.pdf,17,3143910,5da6a51823dd11511e05bcf860f2a2d58eac25fd2cf357e83e6f9b30f18f74e0,3,可读取,
10_政策与目录,10_政策与目录/政策数据库/企策顾问/申报通知/金华市/综合政策/2025-03-12__浙江省哲学社会科学规划部门合作专项研究课题（应急管理政策研究）开始申报__d3091d11e0c1493faea89e41eab653f1/附件/关于做好2025年度浙江省哲学社会科学规划部门合作专项研究课题申报工作的通知.pdf,4,1576341,1d53f3e80124bf6969bde855756e09191abb6561bd2228c15c476dc481bb6863,3,可读取,
10_政策与目录,10_政策与目录/政策数据库/企策顾问/申报通知/金华市/综合政策/2025-03-21__关于开展2025年印染行业规范企业公告申报工作的通知__9bbee4466a3a43c09c5f4e19f24d737e/附件/1.工业和信息化部办公厅关于开展2025年印染行业规范企业公告申报工作的通知.pdf,2,1224936,da1b410e559b2723bda8a85f471de96eefc8ef719067b3bd06a0a85edc668b4a,3,可读取,
10_政策与目录,10_政策与目录/政策数据库/企策顾问/申报通知/金华市/综合政策/2025-03-28__关于征集知识产权服务专员和知识产权特派员的通知__f97630575061407faca89485149091b8/附件/附件1：浙江省质量标准与知识产权强省工作领导小组办公室印发《关于建立知识产权服务专员机制助力创新浙江建设的实施方案》等文件的通知.pdf,10,5221681,b87be165a8091226e0ce67e72f151a6ad34c0419719e101ca5c411741c78c60c,10,可读取,
10_政策与目录,10_政策与目录/政策数据库/企策顾问/申报通知/金华市/综合政策/2025-03-31__浙江省质量标准和知识产权强省工作领导小组办公室关于征集知识产权服务专员和知识产权特派员的通知__20afc0d2cac54213be2825f581ca12cc/附件/附件1：浙江省质量标准与知识产权强省工作领导小组办公室印发《关于建立知识产权服务专员机制助力创新浙江建设的实施方案》等文件的通知.pdf,10,5221681,b87be165a8091226e0ce67e72f151a6ad34c0419719e101ca5c411741c78c60c,10,可读取,
10_政策与目录,10_政策与目录/政策数据库/企策顾问/申报通知/金华市/综合政策/2025-06-10__关于开展第二批工业机器人行业规范公告申报工作的通知__a82037af984143dfbd8c5a9eabf0a399/附件/工业和信息化部办公厅关于开展第二批工业机器人行业规范公告申报工作的通知.pdf,13,851592,a284152aa49d0f7b5009c53693bccae67bed10791c23b4608ededaa0e3c23e5e,4,可读取,
10_政策与目录,10_政策与目录/政策数据库/企策顾问/申报通知/金华市/综合政策/2025-07-21__转发工业和信息化部办公厅关于开展2025年度十大类纺织创新精品建设推广工作的通知__c445025428494b9fa742f363a7cbb3d6/附件/2025年度十大类纺织创新精品建设推广工作网上申报流程说明.pdf,2,357911,2ae2f57bfadaa1d2f6b0064206b8206e94fb8110903f0c3e254e1a7242a03916,4,可读取,
10_政策与目录,10_政策与目录/政策数据库/企策顾问/申报通知/金华市/综合政策/2026-03-16__浙江省财政厅等五部门关于开展2026年县域充换电设施补短板试点申报有关工作的通知__e5952a9b33f7441cbbc24478566d3dbb/附件/财政部办公厅等3部门关于开展2026年县域充换电设施补短板试点申报有关工作的通知.pdf,16,6735008,2d3241609565329fe0b7fd82cbd265cabbd353414dd10b2f37c8743d4e789436,4,可读取,
10_政策与目录,10_政策与目录/政策数据库/企策顾问/申报通知/金华市/综合政策/2026-05-15__浙江省质量标准和知识产权强省工作领导小组办公室关于征集第二批知识产权服务专员及服务对象的通知__9c8e75edde064f768f0dac18cb04ca29/附件/附件1：浙江省质量标准和知识产权强省工作领导小组办公室印发《关于建立知识产权服务专员机制助力创新浙江建设的实施方案》等文件的通知.pdf,10,5221681,b87be165a8091226e0ce67e72f151a6ad34c0419719e101ca5c411741c78c60c,10,可读取,
10_政策与目录,10_政策与目录/浙江制造精品/浙江制造精品/浙江制造精品/关于组织开展2022年度“浙江制造精品”申报工作的通知.pdf,2,445938,53296787b5993d319181cf82c9b45c578b1587167f6af29f0c68fc2de4ac0673,1,可读取,
10_政策与目录,10_政策与目录/浙江制造精品/浙江制造精品/浙江制造精品/德清县人民政府关于印发德清县制造业高质量发展若干政策意见的通知.pdf,6,2951020,d8c521bd1ef2318e7b6d5e0e60bdc33b8f9d810783fdbcf99193890148611f1b,1,可读取,
10_政策与目录,10_政策与目录/浙江省经济和信息化厅 浙江省财政厅关于组织实施生产制造方式转型示范项目计划的通知/关于印发《嘉兴市首批次新材料认定管理办法》的通知（嘉经信产业〔2024〕11号）.pdf.pdf,10,5632206,fa1dee39586c08b96a4ecf69ee5c9fd11e187767121452a0e17fb5a04417530e,1,可读取,
10_政策与目录,10_政策与目录/综合政策/04-杭州市企业高新技术研究开发中心管理办法.pdf,8,1962904,f5bbdd35c6457aa26d51e85ac263db6c69dd147bea39f889a7b1f754be35e06c,1,可读取,
10_政策与目录,10_政策与目录/软件与数字经济/双软认定指引/关于开展2023年浙江省软件和信息服务业、工业设计领跑企业认定工作的通知.pdf,2,583852,b47fa61e644f2e5884ffe6ddb900cfb2e1923af6a6754d445db63c651ee28263,1,可读取,
10_政策与目录,10_政策与目录/软件与数字经济/双软认定指引/浙江省软件企业认定中软件收入界定暂行办法.pdf,2,551716,2cc9ae3d91574bd1fda533bb51d716b58c0f0caffd660574877477d03626ec1d,1,可读取,
10_政策与目录,10_政策与目录/首版次/2024年度首版次软件产品认定推荐工作的通知.pdf,16,13475773,2d5ce32298e8ef3e4a184149ef842795d8fd68e4f6cfe0e94411dd3c8492d5ee,1,可读取,
10_政策与目录,10_政策与目录/首版次/3校宝在线（杭州）科技股份有限公司-首版次/校宝首版次/7、标准情况/国标 系统与软件工程 基于模型的系统与软件工程方法和工具.pdf,74,21744465,b4833474a9bfbaba23bb80f54762a199c7cfc14f0bd209217e624b8914ee4d15,1,可读取,
10_政策与目录,10_政策与目录/首版次/首版次案例-高格软件/所属领域-首版次软件产品目录.pdf,,88311,f18c7ae602ea8230c1675747354ec9c8ccc281e595d67e104113331a65db7187,1,PDF结构异常,PdfReadError:Could not read Boolean object
10_政策与目录,10_政策与目录/首版次/首版次案例-高格软件/标准证明材料/团体标准证明材料2.pdf,1,1371950,cb1dcea18deaf7e438e8daa948adf8362231c8f921b5e42ef101496ed1d89baf,1,可读取,
10_政策与目录,10_政策与目录/首版次/首版次案例-高格软件/标准证明材料/国家标准证明材料.pdf,29,2552042,5798c5458b9703ff0367098b0f4df6eef36c45be4ce4c595fd6c8884796284e9,1,可读取,
20_申报指南与规则,20_申报指南与规则/02-浙江省加计扣除指引及实务/RD01浙江省交通计量管理模式及计量标准技术研究—持续研发阶段.pdf,3,128822,dd6a2f30fed4cbc634ceba5ae1640b79223e36f90553a6ceb7302176f8a00636,1,可读取,
20_申报指南与规则,20_申报指南与规则/1.谈单资料/10.政策汇总/1.萧山政策/萧山政府质量奖/杭州市萧山区政府质量奖评审管理实施细则（萧强区办〔2024〕1号）.pdf.pdf,16,6765957,3300fa63ea7523aa4580e9927e271f8622acddbe0816def760ce1cc307642988,1,可读取,
20_申报指南与规则,20_申报指南与规则/1.谈单资料/11.涉农政策/涉农项目/农业龙头/杭州市市级农业龙头企业认定与监测管理办法.pdf,7,2736687,4ee6d5ff8c617c377914322bd5db604e2355bb7294b8c9443dadaa1a0d8230b8,1,可读取,
20_申报指南与规则,20_申报指南与规则/1.谈单资料/11.涉农政策/涉农项目/老字号/浙江老字号示范创建管理办法.pdf,20,4400193,a90e9762f984cdaae702c89973fbbaea1b853ef91a271d8076dc07ff84f40c70,1,可读取,
20_申报指南与规则,20_申报指南与规则/1.谈单资料/13.职称人才政策/职称办法及材料/高级职称/质量技术职称/7.关于印发浙江省质量技术基础专业技术人员继续教育实施细则（试行）的通知（浙市监人〔2019〕54号）.pdf,10,5547343,bfe5ba629c584f82c43ab50b87331a9c4a9a36ab8b214d566f2fad0e24239de0,1,可读取,
20_申报指南与规则,20_申报指南与规则/1.谈单资料/5.研发相关（研发体系-研发机构-产学研-科技重大）/2.3研发机构（工业设计中心）/杭州市级工业设计中心认定管理办法的通知.pdf,22,908823,9c0e7561cf8746952b679f33db97001351af359c48b9aeb73bf910421b8d89a7,1,可读取,
20_申报指南与规则,20_申报指南与规则/优质中小企业梯度培育/中小企业划型标准规定-工信部联企业【2011】300号.pdf,3,926586,71a93ff2885a7c9a2b1514f5283b034a026c317960ce47478d386b2c3b1f65b3,1,可读取,
20_申报指南与规则,20_申报指南与规则/优质中小企业梯度培育/临安区-关于制造业高质量发展引领产业兴区的若干政策意见的解释说明.pdf,20,4689632,f6457d9cdc1a2b9ef4a16b4a1440610acc27214fd6a7b11aa7f7a83489f67da6,1,可读取,
20_申报指南与规则,20_申报指南与规则/优质中小企业梯度培育/团标执行案例__中国中小企业协会关于中小企业专精特新评定方法与发展指南的立项公告2019-23.pdf,2,324557,cdb4e01fa7b0b7f99386381682aabaa83dcda576f8815eeb29f0bb09f561314d,1,可读取,
20_申报指南与规则,20_申报指南与规则/优质中小企业梯度培育/团标执行案例__中国中小企业协会关于批准发布《中小企业专精特新 第2部分：评定方法》团体标准的公告.pdf,1,419337,d4c8beaec662cf8cc6634c3f5b26c0c6362016035c37ef69fd3ca79b164203d4,1,可读取,
20_申报指南与规则,20_申报指南与规则/优质中小企业梯度培育/团标执行案例__中小企业专精特新第1部分评定准则.pdf,12,7079376,b7490aac287a2c82c4ec33170db927d2c0e044e532cefb9beeb77e37e93e3b49,1,可读取,
20_申报指南与规则,20_申报指南与规则/优质中小企业梯度培育/团标执行案例__中小企业专精特新第2部分：评定方法团体标准制定修订项目建议书20190430.pdf,3,1914242,4e2c0c40370e6e889133e9a3178471daca0331dec541974ef14381d4891057bc,1,可读取,
20_申报指南与规则,20_申报指南与规则/优质中小企业梯度培育/工业和信息化部办公厅关于开展第四批专精特新“小巨人”企业培育和第一批专精特新“小巨人”企业复核工作的通知.pdf,2,1025562,9412c1f709b9635ee6e2430f437953610dc7a71903819a5aff4819270fd284d9,1,可读取,
20_申报指南与规则,20_申报指南与规则/优质中小企业梯度培育/杭州市加快中小企业“专精特新”发展行动计划的通知.pdf,4,2082149,fbbef13e78c8056daf488880ed5849fb23ca862c4101e0dc50c01be4e646fbeb,1,可读取,
20_申报指南与规则,20_申报指南与规则/加计扣除/02-浙江省加计扣除指引及实务/加计扣除-文件夹模板/2、自主、委托、合作研究开发专门机构或项目组的编制情况和研发人员名单/样例/8、优秀科技人才引进管理办法.pdf,6,6727597,dcb08255e1b6806d0ef131699bde199818320d90db230eb6e5a633d6570ebfe1,1,可读取,
20_申报指南与规则,20_申报指南与规则/各类答辩ppt/维正_培训/数字化转型试点项目/数字化转型试点项目/杭州市经济和信息化局 杭州市财政局 关于印发《杭州市中小企业数字化转型城市试点项目及资金管理办法》的通知.pdf,8,2788420,2661161e6a47e1027846cc50ac4baba1b82581e75f7e3c192f21a9e76e2fb4d5,1,可读取,
20_申报指南与规则,20_申报指南与规则/工业设计中心/浙江省经济和信息化厅关于印发《浙江省省级工业设计中心认定管理办法》的通知.pdf,3,837031,2bd622b3cf410f34a15e692f8eaebf1f56aa15341768998098e54f70da374435,1,可读取,
20_申报指南与规则,20_申报指南与规则/技术中心/2022年交科企业技术中心-张锴云/市企业/项目申报通知/杭州市企业技术中心认定申报通知.pdf,28,1626933,e09d9507c5edfbcbf021c04c0adb7ff69647e5d50274f429680ba14ee3e742f9,1,可读取,
20_申报指南与规则,20_申报指南与规则/技术中心/关于印发浙江省企业技术中心管理办法的通知.pdf,12,1362500,d8063b1e584a59fa8cc2d1081ed9de2c83617d288a2fafbfa33420fd31fbc79e,1,可读取,
40_内部培训与方法,40_内部培训与方法/1.谈单资料/1.公司荣誉资质/1-1省中小企业公共服务平台.pdf,18,6270024,64e2e5500aed2e3d59ef08e5148581a5e1f6ae87333f3067eece3bc39a2b65a1,1,可读取,
40_内部培训与方法,40_内部培训与方法/1.谈单资料/10.政策汇总/1.萧山政策/嘉晨.pdf,1,274317,7f5ba6e257d8f75926219f4f7d6358d5cffb322384d020dec4348b9d69e0dad6,1,可读取,
40_内部培训与方法,40_内部培训与方法/1.谈单资料/10.政策汇总/1.萧山政策/地芯.pdf,1,241023,5a0c45d163b307ca2ec167ed04debedd877fc90b325a68123cfe32ba831ce70e,1,可读取,
40_内部培训与方法,40_内部培训与方法/1.谈单资料/10.政策汇总/1.萧山政策/智臾.pdf,1,253205,579d703ed34888b6ad1cad8dabda47944b13b61be24dcd7df2da7e1c428f8bf5,1,可读取,
40_内部培训与方法,40_内部培训与方法/1.谈单资料/10.政策汇总/1.萧山政策/睿丽.pdf,1,252393,64d53183ce9a2749914b21b4bb3eef4aeea7b56896e7c509df32d3ae04d2efcd,1,可读取,
40_内部培训与方法,40_内部培训与方法/1.谈单资料/10.政策汇总/1.萧山政策/萧山区青年创业领军项目扶持办法.pdf,4,2360261,ffca53f2f6a0dad6623c1dfb47e25ced7797843a1f733384c4f800911333aba6,1,可读取,
40_内部培训与方法,40_内部培训与方法/1.谈单资料/10.政策汇总/3.余杭政策/2025版《雨露速递》.pdf,39,24888949,4863aa715e2b702c58dd7c8a8bc65cc435bd22229c0429f3cfc8707b5d44798e,1,可读取,
40_内部培训与方法,40_内部培训与方法/1.谈单资料/10.政策汇总/4.杭州政策/7.杭州市加快发展人工智能终端产业行动方案（2026—2027年）,,760737,8c1b4060ea600f9bc179172beedb20b3ec08084479c1e053f647f95fd5dd67b3,1,PDF结构异常,ValueError:non-pdf
40_内部培训与方法,40_内部培训与方法/1.谈单资料/10.政策汇总/5.浙江政策/浙江省制造业人才支持计划行动方案.pdf,10,12846125,07b10eff1d707ceafadefa6d49b9262e3b5d82390a4ed23dcdc2f0e6d218009e,1,可读取,
40_内部培训与方法,40_内部培训与方法/1.谈单资料/10.政策汇总/企业成长规划路径图.pdf,1,885345,37de27eb3f2d96202a0453f2cf11e3d5c8ba92118b695614e5df2ef794c94662,1,可读取,
40_内部培训与方法,40_内部培训与方法/1.谈单资料/11.涉农政策/涉农项目/共富工坊/关于强化党建引领推进“共富工坊”建设的指导意见.pdf,17,4038016,0eb9cbdcd40a8b36d09600b247a66915b447e9e23a530651699e1ea6f7d1da07,1,可读取,
40_内部培训与方法,40_内部培训与方法/1.谈单资料/11.涉农政策/涉农项目/共富工坊/宇航梦园共富工坊被评为2023年定向招工式共富工坊省级示范点！.pdf,,797702,89b59eef0e2c9d57d517fbd6e225d4601c165cf151c8e237a521b5c1290fa08b,1,PDF结构异常,PdfStreamError:Stream has ended unexpectedly
40_内部培训与方法,40_内部培训与方法/1.谈单资料/11.涉农政策/涉农项目/品字标浙江农产/浙江省农业农村厅关于公布2022年度“品字标浙江农产”品牌企业名单的通知.pdf,8,2054435,85b8c0d70544a0a7355e056ee10ef308a4d24794edd4c2a05ec4939c52c75919,1,可读取,
40_内部培训与方法,40_内部培训与方法/1.谈单资料/11.涉农政策/涉农项目/老字号/宫延楼担当中医文化传承发展新使命，获总部企业政府补贴1042万！om.pdf,,640322,cfe761352f8c44dd57130fd6121a839cd6979bf54b2a76c1a6576d21ae475f3b,1,PDF结构异常,PdfStreamError:Stream has ended unexpectedly
40_内部培训与方法,40_内部培训与方法/1.谈单资料/11.涉农政策/涉农项目/老字号/浙江老字号企业申报推荐公示.pdf,,1026418,971eb0f76a9c34bc01f45115d117b0aedb2c4e07bf3eb3df909c8f6a1537f597,1,PDF结构异常,PdfStreamError:Stream has ended unexpectedly
40_内部培训与方法,40_内部培训与方法/1.谈单资料/12.建筑行业/建筑政策/关于印发《金华市建筑产业现代化示范企业培育实施方案》的通知(规范性文件).pdf,13,792358,ea212d4e551dd40a53a25f1c1099d74152163e2f4059aa3631c9abed5a7b174f,1,可读取,
40_内部培训与方法,40_内部培训与方法/1.谈单资料/12.建筑行业/杭州建筑相关信息/浙江省勘察设计行业诚信单位名单的通知.pdf,9,559508,6af38a2c5b7d9c16949c9031668af6a82c579d28772b482f5e5b793095aea6f1,1,可读取,
40_内部培训与方法,40_内部培训与方法/1.谈单资料/13.职称人才政策/技师/关于开展2024年度机械行业特级技师评审工作的通知.pdf,12,5469974,2de2b24124abed6daa6be144fee15b9312e15313e833ea00a23526b1ca876c39,1,可读取,
40_内部培训与方法,40_内部培训与方法/1.谈单资料/13.职称人才政策/职称办法及材料/中级职称/中级职称认定通过公示.pdf,,428556,dabc6e9f5bdd18ce9707cdf5191c23d0e06748291fa15a2affbc7fbb760b3121,1,PDF结构异常,PdfStreamError:Stream has ended unexpectedly
40_内部培训与方法,40_内部培训与方法/1.谈单资料/13.职称人才政策/职称办法及材料/职称申报整套材料范例/17-2021年度考核表.pdf,3,940734,a92e92b3273659fba8b33a6c32e37c68373794343f9194246b8ada61a4211dda,1,可读取,
40_内部培训与方法,40_内部培训与方法/1.谈单资料/13.职称人才政策/职称办法及材料/职称申报整套材料范例/17-2022年度考核表.pdf,3,829374,fa428c753e2f7c4735d127a10433f645782c935614b9fd5c3c867f8343cc1d25,1,可读取,
40_内部培训与方法,40_内部培训与方法/1.谈单资料/13.职称人才政策/职称办法及材料/职称申报整套材料范例/17-2023年度考核表.pdf,3,975323,f7b81eb7836b4cf8ce91be6c53e6e213ad38e205b9f5198c3d3d941b13664b90,1,可读取,
40_内部培训与方法,40_内部培训与方法/1.谈单资料/13.职称人才政策/职称办法及材料/职称申报整套材料范例/3-1 继教专业、行业公需（已认证）.pdf,1,124164,d0f44abd2494159b201be175544414ca50977b348351e7713a7e5a1cd54e2b84,1,可读取,
40_内部培训与方法,40_内部培训与方法/1.谈单资料/13.职称人才政策/职称办法及材料/职称申报整套材料范例/3-5 2022年宁波市商务企业经营管理者研修班24学时.pdf,1,2104629,ccfe068a3621d334218848502146b2ad37ab242eee763100251a9120a448b838,1,可读取,
40_内部培训与方法,40_内部培训与方法/1.谈单资料/13.职称人才政策/职称评审监管暂行办法pdf.pdf,12,4614551,ded519b6d8c6a4165f6bb1da7de5588d109a7d3e00b2207e5acae6335821252a,1,可读取,
40_内部培训与方法,40_内部培训与方法/1.谈单资料/2.高新事宜/1.政企对接服务合同1.pdf,3,763975,21f86c06c85aa0cb8a5f05e0e937087e817b7dbd1b196fafa5d8422bd0999408,1,可读取,
40_内部培训与方法,40_内部培训与方法/1.谈单资料/2.高新事宜/2.政企对接服务合同2.pdf,4,194398,be1f2f68226c363a39f80faaa9feaa2fedfe60b9eba102de18d5560222f660c2,1,可读取,
40_内部培训与方法,40_内部培训与方法/1.谈单资料/2.高新事宜/3.2025年高新评审结果分析xls.pdf,1,306198,2758246780b2e33cc25deb9ac3be189b19a3085efd5ba3a511184a1b4ca796e7,1,可读取,
40_内部培训与方法,40_内部培训与方法/1.谈单资料/3.知识产权（密集产品）/3.一年授权发明/金华/浩盛新材料-一种防积水市政排水路面.pdf,2,1340103,5878314082a87ea40d0034dca1928956792c94c5c9a331d4c503ae124b2b2b25,1,可读取,
40_内部培训与方法,40_内部培训与方法/1.谈单资料/3.知识产权（密集产品）/3.一年授权发明/金华/飞豹工贸 一种安全绳.pdf,2,1266760,52d27c050baacf7060c89507ba9bf9c33859e8d1b67b222e4d1b2721ded9cebd,1,可读取,
40_内部培训与方法,40_内部培训与方法/1.谈单资料/4.产品技术证明（科技报告-成果鉴定-标准-市占率）/市占率报告/德尔地板国家级协会排名证明.pdf,2,455949,f8bcbcaba8b71f7d00d0763a70866ea323f2660bb2e25ebca82fb373cc81af7e,1,可读取,
40_内部培训与方法,40_内部培训与方法/1.谈单资料/4.产品技术证明（科技报告-成果鉴定-标准-市占率）/标准/2.国家标准/国家标准制修订证明 金华大友谊.pdf,1,251930,2603831383f8b4e031da2405da0b0b21ebeb56f3f8b02af626bb5d47916b8c97,1,可读取,
40_内部培训与方法,40_内部培训与方法/1.谈单资料/4.产品技术证明（科技报告-成果鉴定-标准-市占率）/标准/2.国家标准/国家标准参与—华盟.pdf,23,3465504,c97676664db22edd8a34aeebd4be4d8252f4da5ca34344346a74ffd294eebe31,1,可读取,
40_内部培训与方法,40_内部培训与方法/1.谈单资料/4.产品技术证明（科技报告-成果鉴定-标准-市占率）/标准/2.国家标准/国家标准参与—富新.pdf,19,2314037,7ba6a3941e8d2eef1173bd4e8e8b0a4a0799293d5c3447ddbbaaebae4e8314a4,1,可读取,
40_内部培训与方法,40_内部培训与方法/1.谈单资料/4.产品技术证明（科技报告-成果鉴定-标准-市占率）/标准/2.国家标准/国家标准参与—意诚.pdf,24,8424865,9c0879d2859a7eb550fb985c67b57e7b4e52b7cf1d0d9d2e58d9fff16e2778cc,1,可读取,
40_内部培训与方法,40_内部培训与方法/1.谈单资料/4.产品技术证明（科技报告-成果鉴定-标准-市占率）/标准/2.国家标准/国家标准参与—意诚2.pdf,16,6293979,05abaa324df6a132adc67d5e9b604c984c50ada6a3146214238e7cc38b63333c,1,可读取,
40_内部培训与方法,40_内部培训与方法/1.谈单资料/4.产品技术证明（科技报告-成果鉴定-标准-市占率）/标准/2.国家标准/国家标准参与—海日家具.pdf,16,2953833,db4fe8d36bd77d22ac31420261b1ca18f2ca27e202972bb101d87beeb89e05cc,1,可读取,
40_内部培训与方法,40_内部培训与方法/1.谈单资料/4.产品技术证明（科技报告-成果鉴定-标准-市占率）/标准/2.国家标准/国家标准参与—海日家具3.pdf,15,13865029,644be089a20d74444853e4ec4bc0513157f28a6e84600972887c3e1373d31ec4,1,可读取,
40_内部培训与方法,40_内部培训与方法/1.谈单资料/4.产品技术证明（科技报告-成果鉴定-标准-市占率）/标准/2.国家标准/国家标准参与—海日家具4.pdf,22,3241751,5d772b464dfdd8b60448c05ec94baa776e5cb39624976ea3571b17dd85dbbdb5,1,可读取,
40_内部培训与方法,40_内部培训与方法/1.谈单资料/4.产品技术证明（科技报告-成果鉴定-标准-市占率）/标准/2.国家标准/国家标准参与—福川.pdf,1,326132,c453a2afb418b3e7f87190cc7481bb59f323b65eeb7dc80aea546b373cb39589,1,可读取,
40_内部培训与方法,40_内部培训与方法/1.谈单资料/4.产品技术证明（科技报告-成果鉴定-标准-市占率）/标准/2.国家标准/国家标准参与—迪弗莱.pdf,1,45820,1dcfca5e19622147d6ecd3e214726c1831fcc1a211cd5d5e5c5e37e7c649a0d5,1,可读取,
40_内部培训与方法,40_内部培训与方法/1.谈单资料/4.产品技术证明（科技报告-成果鉴定-标准-市占率）/标准/2.国家标准/国标参与—合创.pdf,1,426704,21d3b283af7a7442c97579f3bbababda5244ea8e857262238716447a4566ebdf,1,可读取,
40_内部培训与方法,40_内部培训与方法/1.谈单资料/4.产品技术证明（科技报告-成果鉴定-标准-市占率）/标准/2.国家标准/国标参与—山山家.pdf,1,60191,ded2e53942d1ffe6a13dfc5cf942bceb137abb265cb7461c2c6682c0ad135111,1,可读取,
40_内部培训与方法,40_内部培训与方法/1.谈单资料/4.产品技术证明（科技报告-成果鉴定-标准-市占率）/标准/“十四五”推动高质量发展的国家标准体系建设规划.pdf,19,6763271,7490eba18732a7982badee9ee8bbafc458aa23940b714639ca860a65a72b0586,1,可读取,
40_内部培训与方法,40_内部培训与方法/1.谈单资料/4.产品技术证明（科技报告-成果鉴定-标准-市占率）/科技咨询报告/国内领先-力松注塑.pdf,11,721191,e822aef03601fb8a2dbbde20680a010d914727844692ba176339e9ecb8f0daf5,1,可读取,
40_内部培训与方法,40_内部培训与方法/1.谈单资料/4.产品技术证明（科技报告-成果鉴定-标准-市占率）/科技咨询报告/国内领先-瑞辉智能.pdf,4,281016,e0af420cdf769cfc9f084a47c7ca4139f44f52a4102c03d6b10e5ea7ca3abc02,1,可读取,
40_内部培训与方法,40_内部培训与方法/1.谈单资料/4.产品技术证明（科技报告-成果鉴定-标准-市占率）/科技咨询报告/国内领先-青橙自动化.pdf,4,404442,8f4469451aa4f315a8be4ec118f24c6da5801b473c989a3f9bc9d1d4725b6855,1,可读取,
40_内部培训与方法,40_内部培训与方法/1.谈单资料/4.产品技术证明（科技报告-成果鉴定-标准-市占率）/科技咨询报告/国际先进-永博机械（对比分析日本野村）.pdf,5,279159,a2817c89b782ee9c7b54acebe38442c767245bd27fbe590e01895f4a851e64e7,1,可读取,
40_内部培训与方法,40_内部培训与方法/1.谈单资料/4.产品技术证明（科技报告-成果鉴定-标准-市占率）/科技咨询报告/国际先进-顺意精密（对比分析韩国LG）.pdf,4,3476465,f5c56e93765608ddb0aa10b898ea83e414f148bfc695fb26c3f5bde9719e831c,1,可读取,
40_内部培训与方法,40_内部培训与方法/1.谈单资料/5.研发相关（研发体系-研发机构-产学研-科技重大）/3.产学研协议/斯捷尔传动机械（杭州）有限公司/1.斯捷尔嘉兴大学产学研协议.pdf,9,1495130,dbceb01082a1a46d277fcb7bf245a74d9ebd2d0f876d64c8683f064ff8ef7ea8,1,可读取,
40_内部培训与方法,40_内部培训与方法/1.谈单资料/5.研发相关（研发体系-研发机构-产学研-科技重大）/3.产学研协议/斯捷尔传动机械（杭州）有限公司/2.斯捷尔山东科技大学产学研协议.pdf,11,1078714,f0051e0cdd4ec0e0573d03f7a5f3b67a489a5c1c9959af4ba78d880303d07124,1,可读取,
40_内部培训与方法,40_内部培训与方法/1.谈单资料/5.研发相关（研发体系-研发机构-产学研-科技重大）/3.产学研协议/浙江强伟五金有限公司/强伟五金嘉兴大学产学研协议.pdf,10,3342330,d27c6d41a95b64945d05c0df544b37a0dc67f12142b367a267292f4d01f63c35,1,可读取,
40_内部培训与方法,40_内部培训与方法/1.谈单资料/5.研发相关（研发体系-研发机构-产学研-科技重大）/3.产学研协议/浙江强伟五金有限公司/强伟五金浙江理工大学产学研协议.pdf,8,2441256,4b1bc1c9837a3355fe17e3e969de0a91a928bd699b1abd0ca8dae94185c78dcc,1,可读取,
40_内部培训与方法,40_内部培训与方法/1.谈单资料/5.研发相关（研发体系-研发机构-产学研-科技重大）/3.产学研协议/浙江强伟五金有限公司/强伟五金苏州工学院产学研协议.pdf,11,3866346,fdd3400b5ae2e0cce49acd732f58fcbc8232c3dfcd82f83f8aa2326f74797ab3,1,可读取,
40_内部培训与方法,40_内部培训与方法/1.谈单资料/5.研发相关（研发体系-研发机构-产学研-科技重大）/3.产学研协议/浙江申新新材料包装有限公司/申新新材料浙江大学产学研协议.pdf,11,3034308,fd410bab5a90332534c2402e8f5233d9a80b0557e6dd98fde78608ce91c433ad,1,可读取,
40_内部培训与方法,40_内部培训与方法/1.谈单资料/7.产品线（新产品-三首-精品-浙江制造-大模型）/1.新产品/TZY-50真空滤油机/TZY-50真空滤油机/8、用户使用报告.pdf,2,513441,40f59ed435dc63d8dd5e3dca362c6978248f62e80418d87c89ecb9bfc47c52bb,1,可读取,
40_内部培训与方法,40_内部培训与方法/1.谈单资料/7.产品线（新产品-三首-精品-浙江制造-大模型）/1.新产品/省级工业新产品开发立项及评价.pdf,12,110299828,8b8009b961b381696069d3d127a527209bcbb96391f0c25d397dd1cb4e4ef2be,1,可读取,
40_内部培训与方法,40_内部培训与方法/1.谈单资料/7.产品线（新产品-三首-精品-浙江制造-大模型）/2.1首台套/首台套案例-精恒凯翔/1-首台套申报表.pdf,3,523232,b26864b4f93758935e71c3095aef011e66f96a593f6d90772852e882bff9a394,1,可读取,
40_内部培训与方法,40_内部培训与方法/1.谈单资料/7.产品线（新产品-三首-精品-浙江制造-大模型）/2.1首台套/首台套案例-金戈智能/金戈智能首台套申报资料（2024年成功案例）.pdf,10,54000508,255c32ac98f1793433eeb42b13820ab5768640e4901700f854e473726a8b43cc,1,可读取,
40_内部培训与方法,40_内部培训与方法/1.谈单资料/7.产品线（新产品-三首-精品-浙江制造-大模型）/2.2首版次/首版次案例-高格软件/先进性/高格IOT管理系统软件 (商用版)V1.0技术先进性证明报告.pdf,4,1328790,3a1ae03c8ad47bd09709d48a36c36f773fc350367f13abdbfeea5a4c6a7cbd46,1,可读取,
40_内部培训与方法,40_内部培训与方法/1.谈单资料/7.产品线（新产品-三首-精品-浙江制造-大模型）/2.2首版次/首版次案例-高格软件/先进性/高格IOT管理系统软件 (商用版)V1.0科技查新报告.pdf,8,5021192,99ecccd8ec7787c645171376eab3fc4c7d2f16b6b00eb53437b8c554b43be69c,1,可读取,
40_内部培训与方法,40_内部培训与方法/1.谈单资料/7.产品线（新产品-三首-精品-浙江制造-大模型）/2.2首版次/首版次案例-高格软件/承诺书.pdf,1,335368,576744ad1b53185796b0ec020eebb6f29b822d8e406097a821373759adae5867,1,可读取,
40_内部培训与方法,40_内部培训与方法/1.谈单资料/7.产品线（新产品-三首-精品-浙江制造-大模型）/2.2首版次/首版次案例-高格软件/检测报告及国产适配的说明/国产生态参与情况说明.pdf,4,1863815,6fdd6c35a4b809ab870c6c143fd6dccd4646dd22f5547d93ad03864e3ccd5c40,1,可读取,
40_内部培训与方法,40_内部培训与方法/1.谈单资料/7.产品线（新产品-三首-精品-浙江制造-大模型）/2.2首版次/首版次案例-高格软件/检测报告及国产适配的说明/检测报告.pdf,14,4367252,c62290d6989f0540c53a9fcd78dc6568e939909d906a744184059a4c0ff677b0,1,可读取,
40_内部培训与方法,40_内部培训与方法/1.谈单资料/7.产品线（新产品-三首-精品-浙江制造-大模型）/6.工业优秀新产品/2025浙江省优秀工业产品的通知.pdf,28,10077263,80bbc6c27361771fff5a7b4bbffeeb71f26ea786da8acb66ada4f5420fed73d6,1,可读取,
40_内部培训与方法,40_内部培训与方法/1.谈单资料/7.产品线（新产品-三首-精品-浙江制造-大模型）/检测报告/（检测报告）J25E031788490BR+涤纶磨毛印染丝织物.pdf,8,3647410,abd32bc04d0d1aa91ef605a3e99f41c9fde30098245e150e713e48f582554a33,1,可读取,
40_内部培训与方法,40_内部培训与方法/1.谈单资料/8.绿色-数字-智能-技改/1.绿色工厂及产品/1.申报材料/绿色工厂第三方评分表.pdf,47,10584606,b7d83889ebdf530018aad2dfeb9a6a411b9827066d573a7326fb17099e5d4099,1,可读取,
40_内部培训与方法,40_内部培训与方法/1.谈单资料/8.绿色-数字-智能-技改/2.数字化相关政策及开发方案/22.08.26《杭州市“未来工厂”评定细则（试行）》（盖章版本）.pdf,12,576122,cb9bab0daa27c0932ee6f8c602cad8a3a9b3ce0590b423699ebe3128b82d2d51,1,可读取,
40_内部培训与方法,40_内部培训与方法/1.谈单资料/8.绿色-数字-智能-技改/3.数字化测评报告/宁波东港体育用品有限公司数字化申报方案/6.业务环节数字化/1.1智能制造发展规划和可操作执行的年度计划.pdf,1,80788,656b3808580cae4a000b47fd2317d2d7b40f6109324244186effe9f83b5d1a0e,1,可读取,
40_内部培训与方法,40_内部培训与方法/1.谈单资料/8.绿色-数字-智能-技改/3.数字化测评报告/宁波东港体育用品有限公司数字化申报方案/6.业务环节数字化/1.3数字化技能培训.pdf,1,332969,f4da4d8515e98429bf368ecc9f1408b482e8c001e971bea6f324afbadde6923d,1,可读取,
40_内部培训与方法,40_内部培训与方法/1.谈单资料/8.绿色-数字-智能-技改/3.数字化测评报告/宁波东港体育用品有限公司数字化申报方案/6.业务环节数字化/材料真实性承诺书.pdf,1,220060,3ed625e9312d611bb816ebe5fb8499613a25ff8bcb1834bf17049552e184eb32,1,可读取,
40_内部培训与方法,40_内部培训与方法/1.谈单资料/8.绿色-数字-智能-技改/3.数字化测评报告/宁波东港体育用品有限公司数字化申报方案/6.业务环节数字化/省/3.有线网络.pdf,3,507325,7899d5e6752639f9f7228ed11f8c970ee401b9491916cc8ef5deaf27af239e0d,1,可读取,
40_内部培训与方法,40_内部培训与方法/1.谈单资料/8.绿色-数字-智能-技改/3.数字化测评报告/宁波东港体育用品有限公司数字化申报方案/6.业务环节数字化/省/7.生产能效管控.pdf,4,1358916,70a10cc171376b2db9f9374ed4bd7252d03e0d6dd522c2e58ff5002a94550ce6,1,可读取,
40_内部培训与方法,40_内部培训与方法/1.谈单资料/8.绿色-数字-智能-技改/各类体系认证/三体系/东阳市华裕新型建材有限公司（三体系）.pdf,3,1042418,77925ca87211e25cc68be6db97d7c2010a675e45f9d4b3cb46babf90c8606df8,1,可读取,
40_内部培训与方法,40_内部培训与方法/1.谈单资料/8.绿色-数字-智能-技改/各类体系认证/三体系/义乌市双杰日用品有限公司（三体系）.pdf,,13180000,487a725dcc3cd476be5a704d9e822af34ae048cdb065baca7013666bcdee12be,1,PDF结构异常,PdfReadError:Could not read Boolean object
40_内部培训与方法,40_内部培训与方法/1.谈单资料/8.绿色-数字-智能-技改/各类体系认证/三体系/杭州德工机械有限公司（三体系）.pdf,,1921524,0879c474658fb1e01dba7e9fa692b93c92d90f70cb5e965420d92f7807a625a0,1,PDF结构异常,PdfReadError:Could not read Boolean object
40_内部培训与方法,40_内部培训与方法/1.谈单资料/8.绿色-数字-智能-技改/各类体系认证/三体系/杭州朗平纺织有限公司（三体系）.pdf,,1832101,aab4cdcb2a03de0045e5c03af6eee22b5dfa2a4a81ff30804475d135a0df5e48,1,PDF结构异常,PdfReadError:Could not read Boolean object
40_内部培训与方法,40_内部培训与方法/1.谈单资料/8.绿色-数字-智能-技改/各类体系认证/三体系/杭州润叠纺织有限公司（三体系）.pdf,3,2566219,b12065046abb1ff48c15cdbe55d9bae25f6ed5a21bdea9cf53a457465049ad70,1,可读取,
40_内部培训与方法,40_内部培训与方法/1.谈单资料/8.绿色-数字-智能-技改/各类体系认证/三体系/浙江健仕科技股份有限公司（三体系）.pdf,6,1967300,6a53f0e180900d4ebb55a42f9a90a84bfe93879be34089248bd33dc3129e9081,1,可读取,
40_内部培训与方法,40_内部培训与方法/1.谈单资料/8.绿色-数字-智能-技改/各类体系认证/三体系/浙江年年好喜庆用品股份有限公司（三体系）.pdf,6,12076450,5b6ccf216dd9397fb626954ddcb446ed3c04558e4a15a44e2f194f6236c3e8c6,1,可读取,
40_内部培训与方法,40_内部培训与方法/1.谈单资料/8.绿色-数字-智能-技改/各类体系认证/三体系/浙江琪域科技有限公司（三体系）.pdf,6,11985548,c2ee4969ad97abf76558a5f8f7ba5734825fe359d7e3448acdd4b5907b6db6e0,1,可读取,
40_内部培训与方法,40_内部培训与方法/1.谈单资料/8.绿色-数字-智能-技改/各类体系认证/三体系/浙江瓴声新材料科技有限公司（三体系）.pdf,,13455317,0b3a17b41bb89dcd3a68bb6388ec896a592fcb5e14c053007a1e074f2ae910d9,1,PDF结构异常,PdfReadError:Could not read Boolean object
40_内部培训与方法,40_内部培训与方法/1.谈单资料/8.绿色-数字-智能-技改/各类体系认证/三体系/浙江绍肖印染有限公司（三体系）.pdf,6,11883731,8839c4768ab51eac0e419641fef4f8760a2f149a4520451a21d82bb68eb7ac48,1,可读取,
40_内部培训与方法,40_内部培训与方法/1.谈单资料/8.绿色-数字-智能-技改/各类体系认证/三体系/爱贝甬（宁波）环保科技有限公司（三体系）.pdf,,1832953,91adea22b643974ea52475f416ed4b54eb85d86ed6541c5919188e336eaba555,1,PDF结构异常,PdfReadError:Could not read Boolean object
40_内部培训与方法,40_内部培训与方法/1.谈单资料/8.绿色-数字-智能-技改/各类体系认证/三体系/绍兴华夏印染有限公司（三体系）.pdf,,13434905,d2b2c8a28d4873b10ad40cdb8f94744c2cc25f507b268671e087918b858c78fb,1,PDF结构异常,PdfReadError:Could not read Boolean object
40_内部培训与方法,40_内部培训与方法/1.谈单资料/8.绿色-数字-智能-技改/各类体系认证/三体系/绍兴金牡印染有限公司（三体系）.pdf,6,11610710,419404b25808456445aa49ed75b2e31c777431b2bac927f99e72263f13d1cca2,1,可读取,
40_内部培训与方法,40_内部培训与方法/1.谈单资料/8.绿色-数字-智能-技改/各类体系认证/其他体系/ITSS认证/浙江琪域科技有限公司（ITSS）.pdf,1,526541,5f899a5b1ed5fd9b9aff116b4b6bc0bd1bff40882618ec8fd840ffebf7f25ee0,1,可读取,
40_内部培训与方法,40_内部培训与方法/1.谈单资料/8.绿色-数字-智能-技改/各类体系认证/其他体系/ITSS认证/绍兴恺群智能建筑科技有限公司（ITSS认证）.pdf,2,1015962,b70596a073387b2794aa46e0e2055a1bff2663c1abddff2067487af04e79542b,1,可读取,
40_内部培训与方法,40_内部培训与方法/1.谈单资料/8.绿色-数字-智能-技改/各类体系认证/其他体系/信息安全管理体系/浙江琪域科技有限公司（信息安全）.pdf,2,5030870,030be9f83a05a5161b35c397d2bac3dc40e9bf546632bbfde325f25c37476fe2,1,可读取,
40_内部培训与方法,40_内部培训与方法/1.谈单资料/8.绿色-数字-智能-技改/各类体系认证/其他体系/信息技术服务管理体系/浙江琪域科技有限公司（信息技术服务）.pdf,,1805941,d7461c4442e2a096ec041d1001480bf8eaf5c9ee929602433137e2896dabc4d6,1,PDF结构异常,PdfReadError:Could not read Boolean object
40_内部培训与方法,40_内部培训与方法/1.谈单资料/8.绿色-数字-智能-技改/各类体系认证/其他体系/环境管理体系/义乌市垚鑫新型建材有限公司（环境管理）.pdf,2,741284,8e65b3fb4ad888b0fac427137af6406d4d066f76c7378f52ff7bb788baad49e3,1,可读取,
40_内部培训与方法,40_内部培训与方法/1.谈单资料/8.绿色-数字-智能-技改/各类体系认证/其他体系/环境管理体系/宁波和众汽车零部件有限公司（环境、职业健康体系）.pdf,4,3920004,24f90d623828c616910482b0dd1057a27f2b54915e7e40ecaa986e625029eec3,1,可读取,
40_内部培训与方法,40_内部培训与方法/1.谈单资料/8.绿色-数字-智能-技改/各类体系认证/其他体系/环境管理体系/宁波天亚服装有限公司（环境管理）.pdf,2,4206427,f3a739b8893bf03595a6a414306183372bf99f4f5ed79299916e755421da374e,1,可读取,
40_内部培训与方法,40_内部培训与方法/1.谈单资料/8.绿色-数字-智能-技改/各类体系认证/其他体系/环境管理体系/宁波舜发科技有限公司（环境管理）.pdf,2,747809,d443d677163f3cec471c968ea64f638c325fee44fa5b5662eac42537665568ec,1,可读取,
40_内部培训与方法,40_内部培训与方法/1.谈单资料/8.绿色-数字-智能-技改/各类体系认证/其他体系/环境管理体系/杭州聚涛生物科技有限公司（环境管理）.pdf,2,595882,039e94b4ee402ad2b1cc5442cf2dd1e1a19426b98dd26b6c8a937797672e9b3e,1,可读取,
40_内部培训与方法,40_内部培训与方法/1.谈单资料/8.绿色-数字-智能-技改/各类体系认证/其他体系/知识产权管理体系/浙江金一建设有限公司（知识产权管理体系）.pdf,2,2560158,de3c5c24beb9b1ecd95bcf4f8696b8eec55af67aa066295118dbd64299350128,1,可读取,
40_内部培训与方法,40_内部培训与方法/1.谈单资料/8.绿色-数字-智能-技改/各类体系认证/其他体系/职业健康体系/义乌市垚鑫新型建材有限公司（职业健康）.pdf,2,743058,e1df5c8af5acc9e1b2f0dc3f86a10f9a924ec48ac922c7a3f93330cec89f03ef,1,可读取,
40_内部培训与方法,40_内部培训与方法/1.谈单资料/8.绿色-数字-智能-技改/各类体系认证/其他体系/职业健康体系/宁波天亚服装有限公司（职业健康）.pdf,2,4054238,32b4350b08e41d4b05d751134bb9c17ae720eded2300951f367053c054ed1c57,1,可读取,
40_内部培训与方法,40_内部培训与方法/1.谈单资料/8.绿色-数字-智能-技改/各类体系认证/其他体系/职业健康体系/宁波舜发科技有限公司（职业健康）.pdf,2,740232,0ab94ae0e86658c1c7f69bfb112b78b009867884f884db7b399cd4cc4b96c8a5,1,可读取,
40_内部培训与方法,40_内部培训与方法/1.谈单资料/8.绿色-数字-智能-技改/各类体系认证/其他体系/职业健康体系/杭州宝登达制罐有限公司（职业健康）.pdf,,600144,9ea24cbf1041b4b25de5d5ce0a14851d38f580a84de5dcc8a244bf8a986217bc,1,PDF结构异常,PdfReadError:Could not read Boolean object
40_内部培训与方法,40_内部培训与方法/1.谈单资料/8.绿色-数字-智能-技改/各类体系认证/其他体系/职业健康体系/杭州聚涛生物科技有限公司（职业健康）.pdf,2,585599,6dce93da85b36efbd38c5f23880261107300c2a47e26b627fb9b3619f9a85c9f,1,可读取,
40_内部培训与方法,40_内部培训与方法/1.谈单资料/8.绿色-数字-智能-技改/各类体系认证/其他体系/质量管理体系/义乌市赛嘉服装辅料有限公司（质量管理体系）.pdf,,611235,a24075b295f2a99d6e88dff3780957da1a98774e5b572b384ef55183e2f20e4f,1,PDF结构异常,PdfReadError:Could not read Boolean object
40_内部培训与方法,40_内部培训与方法/1.谈单资料/8.绿色-数字-智能-技改/各类体系认证/其他体系/质量管理体系/优钱付(浙江)信息科技有限公司（质量管理体系）.pdf,2,1884835,719e2529576d7639ca942e896770f587f30918bc210a255c500d5b9d8255cf5d,1,可读取,
40_内部培训与方法,40_内部培训与方法/1.谈单资料/8.绿色-数字-智能-技改/各类体系认证/其他体系/质量管理体系/吴江翔丰丝绸整理有限公司（质量管理体系）.pdf,2,1996193,9180c1935d317bc9c62f0820ea2968060051023299a2e52e500f6c911767a1e8,1,可读取,
40_内部培训与方法,40_内部培训与方法/1.谈单资料/8.绿色-数字-智能-技改/各类体系认证/其他体系/质量管理体系/宁波东港体育用品有限公司（质量体系）.pdf,2,824369,3ed908aa163638553bab69df714703d6a495b1adcf12208d9a1dfcf4d4f33255,1,可读取,
40_内部培训与方法,40_内部培训与方法/1.谈单资料/8.绿色-数字-智能-技改/各类体系认证/其他体系/质量管理体系/宁波共孚自动化装备有限公司（质量体系）.pdf,,4808230,63f130d0eef3eb009e8cf6b961abc2897355539e62309d050fdac7f2ef46369e,1,PDF结构异常,PdfReadError:Could not read Boolean object
40_内部培训与方法,40_内部培训与方法/1.谈单资料/8.绿色-数字-智能-技改/各类体系认证/其他体系/质量管理体系/宁波市鄞州远铭五金有限公司（质量体系）.pdf,,694966,dd1fba108ee713187d27838b44bb25887e23123410034d805401feae3ab5caaa,1,PDF结构异常,PdfReadError:Could not read Boolean object
40_内部培训与方法,40_内部培训与方法/1.谈单资料/8.绿色-数字-智能-技改/各类体系认证/其他体系/质量管理体系/宁波庞大包装材料科技有限公司（质量管理体系）.pdf,2,2029589,c50aa4694d66fe4d70461de5414bc75c896387dfb54d8e05b4de4c8b5fd2db81,1,可读取,
40_内部培训与方法,40_内部培训与方法/1.谈单资料/8.绿色-数字-智能-技改/各类体系认证/其他体系/质量管理体系/宁波明瑞智能科技有限公司（质量体系）.pdf,2,1196612,4c824a2af035fd5b92a8146776aff76424624635f5c2704ce55ab80defc8f62f,1,可读取,
40_内部培训与方法,40_内部培训与方法/1.谈单资料/8.绿色-数字-智能-技改/各类体系认证/其他体系/质量管理体系/宁波永博机械制造有限公司（质量体系）.pdf,2,827441,a6e85fa9dab5e9a6266c7a996386f66eb284635ee357fafb82baf734eea185a0,1,可读取,
40_内部培训与方法,40_内部培训与方法/1.谈单资料/8.绿色-数字-智能-技改/各类体系认证/其他体系/质量管理体系/杭州三欧服饰科技有限公司（质量管理体系）.pdf,2,2029509,933e5d0df79b32084ad07f8740844b3a456d5415f5b6e66d574ffb684879f6fd,1,可读取,
40_内部培训与方法,40_内部培训与方法/1.谈单资料/8.绿色-数字-智能-技改/各类体系认证/其他体系/质量管理体系/杭州欧佰伞业有限公司（质量体系）.pdf,,602538,223ace485d236a85469fa49ce3759b1bbe5acbbe79adaf88faec8838b3b00b69,1,PDF结构异常,PdfReadError:Could not read Boolean object
40_内部培训与方法,40_内部培训与方法/1.谈单资料/8.绿色-数字-智能-技改/各类体系认证/其他体系/质量管理体系/杭州烽银电机制造有限公司（质量体系）.pdf,,677099,e32dea4f527ac3b13f95ec9e01b9cf2772fb7a6ab21fd75a1c129fd86c091887,1,PDF结构异常,PdfReadError:Could not read Boolean object
40_内部培训与方法,40_内部培训与方法/1.谈单资料/8.绿色-数字-智能-技改/各类体系认证/其他体系/质量管理体系/杭州邦球纺织有限公司（质量体系）.pdf,2,819774,e72ad14b6ac16465493d5487824fe601c7200b353158b253c12949ef17c35b68,1,可读取,
40_内部培训与方法,40_内部培训与方法/1.谈单资料/8.绿色-数字-智能-技改/各类体系认证/其他体系/质量管理体系/浙江博盈机械有限公司（质量体系）.pdf,,4932950,6a7e5b5fa121a5d33c58bb3420ba31aa8f4b89a05f4e8ced4b20afb841c9ad89,1,PDF结构异常,PdfReadError:Could not read Boolean object
40_内部培训与方法,40_内部培训与方法/1.谈单资料/8.绿色-数字-智能-技改/各类体系认证/其他体系/质量管理体系/浙江德中塑机有限公司（质量体系）.pdf,,685542,0cef47ce65971c4eb4090fea0f386688f86c8aa0c6d7a0f7c8dcde3d70cf7024,1,PDF结构异常,PdfReadError:Could not read Boolean object
40_内部培训与方法,40_内部培训与方法/1.谈单资料/8.绿色-数字-智能-技改/各类体系认证/其他体系/质量管理体系/浙江昌运化纤有限公司（质量体系）.pdf,,4998337,6b4a3294bc3377300bbf9d60173bf645c84d24f3d3deee0c0cef25a70dce80f8,1,PDF结构异常,PdfReadError:Could not read Boolean object
40_内部培训与方法,40_内部培训与方法/1.谈单资料/8.绿色-数字-智能-技改/各类体系认证/其他体系/质量管理体系/苏州极地纺织科技有限公司（质量管理体系）.pdf,2,1189977,4d7be860fdee428bef750fcb50ad5b6be9f1b2e0f30fcd1318055d0f753b149d,1,可读取,
40_内部培训与方法,40_内部培训与方法/1.谈单资料/8.绿色-数字-智能-技改/碳足迹（碳核查）能管体系/碳足迹认证/锐创新能源(浙江)有限公司（碳足迹认证）.pdf,2,3062457,356c0458d9c2f04863d494b780d3a90334de059e44208f5bfef6fcc733f7e674,1,可读取,
40_内部培训与方法,40_内部培训与方法/1.谈单资料/8.绿色-数字-智能-技改/碳足迹（碳核查）能管体系/能源管理体系/绍兴贝斯美化工股份有限公司（能源管理体系）.pdf,4,1999209,1c33052dbc0678fe71668611e931798b709424ed96de6caad6f47b8595e68be2,1,可读取,
40_内部培训与方法,40_内部培训与方法/1.谈单资料/指南_合同登记流程.pdf,1,1516817,70b2b373572234f65440f015c18a91d117e8d6ff4b02011a9b5298837f8beec7,1,可读取,
40_内部培训与方法,40_内部培训与方法/优质中小企业梯度培育/1.1案例：专精特新及小巨人评分结果 2.pdf,2,197712,53cea00286f7117e54302a20d6e89d762dab4afd3e0b3368da22933d5ad89d94,1,可读取,
40_内部培训与方法,40_内部培训与方法/优质中小企业梯度培育/3.《中小企业专精特新发展评价指标体系（试行）》的通知.pdf,11,4398080,4865feb6ff3fd1d94abc9f86486093dee6e0397b7ac9cdf8061628deec71484f,1,可读取,
40_内部培训与方法,40_内部培训与方法/优质中小企业梯度培育/专精复审合作协议.pdf,6,2160938,c5cc366eebf1a1ed1069de2a8f2d3b5859907b0b6f7b3ac39e9d9f55bf29de7a,1,可读取,
40_内部培训与方法,40_内部培训与方法/优质中小企业梯度培育/专精特新首次合作.pdf,3,299330,f88ed991205ad6b44318c92a9f15b6f97b84387d82c4f528f03d65d6ece8bd97,1,可读取,
40_内部培训与方法,40_内部培训与方法/优质中小企业梯度培育/新世纪-融通入链“四提一强”推进计划.pdf,18,5592486,b2d0e73cb0d2160d45a6cd233de17f816bc7cde7e0f96c1365a63914aff59e53,1,可读取,
40_内部培训与方法,40_内部培训与方法/优质中小企业梯度培育/新世纪财务数据.pdf,1,306384,94573a1068fd9a47a625251fe0087a7a931dd32e9a77cf532b234ee0c5107b8d,1,可读取,
40_内部培训与方法,40_内部培训与方法/优质中小企业梯度培育/新世纪重专服务合同.pdf,2,1244030,070f762e22b74b951afc15a2d73d4845773b988578557fe65c0a546d3b1e6963,1,可读取,
40_内部培训与方法,40_内部培训与方法/优质中小企业梯度培育/新世纪隐形冠军置换协议.pdf,1,451711,0ecaee4a857cfec0ca8d0517d95c217bebf18a18d1a627b1f36c0adf431f9045,1,可读取,
40_内部培训与方法,40_内部培训与方法/优质中小企业梯度培育/杭州大江东城市管养设施有限公司.pdf,9,7353323,d38a8c5730c147c5843a08f5071111053edac59e799bccbc170ce465bf4c4a63,1,可读取,
40_内部培训与方法,40_内部培训与方法/优质中小企业梯度培育/杭州捷斯特文化创意有限公司.pdf,10,4301526,117f255e550ebbd70854cb2aaa4faf71c94381089937cb54c1400edf67ef90be,1,可读取,
40_内部培训与方法,40_内部培训与方法/优质中小企业梯度培育/海外协议协议.pdf,10,2196431,a33e4652fbfe59e8b7788cb6a08f2fef0b3a04ca7548550b9916b440f2bf4fe3,1,可读取,
40_内部培训与方法,40_内部培训与方法/加计扣除/02-浙江省加计扣除指引及实务/加计扣除-文件夹模板/1、自主、委托、合作研究开发项目计划书和企业有权部门关于自主、委托、合作研究开发项目立项的决议文件/样例/邦球纺织可行性报告20年.pdf,24,5775474,433c025f0ee759707329ee063e058e16930dd9d531986e79baebb5ec421acdf1,1,可读取,
40_内部培训与方法,40_内部培训与方法/加计扣除/02-浙江省加计扣除指引及实务/加计扣除-文件夹模板/2、自主、委托、合作研究开发专门机构或项目组的编制情况和研发人员名单/样例/2、科研项目研究开发组织管理制度.pdf,5,5581939,65b982c45789522eb39e564fa6693fa2428758cff3f66ce4acb0dcac81dc9351,1,可读取,
40_内部培训与方法,40_内部培训与方法/加计扣除/02-浙江省加计扣除指引及实务/加计扣除-文件夹模板/2、自主、委托、合作研究开发专门机构或项目组的编制情况和研发人员名单/样例/3、研发经费投入核算制度.pdf,8,5675820,c8951933b97106c52077a4c9add12c7777d817e79d929250803e95c7a14747bb,1,可读取,
40_内部培训与方法,40_内部培训与方法/加计扣除/02-浙江省加计扣除指引及实务/加计扣除-文件夹模板/2、自主、委托、合作研究开发专门机构或项目组的编制情况和研发人员名单/样例/4、科技成果转化的组织实施与激励奖励制度.pdf,16,5945341,f3edb4f9f687ec90008c6bbcf8bd0e3bd8b2b91a2b7acd83af6a46aa189b4564,1,可读取,
40_内部培训与方法,40_内部培训与方法/加计扣除/02-浙江省加计扣除指引及实务/加计扣除-文件夹模板/2、自主、委托、合作研究开发专门机构或项目组的编制情况和研发人员名单/样例/6、科技人员培养进修制度.pdf,7,6764379,921f46351bcbde7768743fbbc3328e5d4e4d81c06d44b71a957bd1ab1a332925,1,可读取,
40_内部培训与方法,40_内部培训与方法/加计扣除/02-浙江省加计扣除指引及实务/加计扣除-文件夹模板/2、自主、委托、合作研究开发专门机构或项目组的编制情况和研发人员名单/样例/7、科技人员职工技能培训及学习制度.pdf,7,5837720,4c1812e02824d0667a53c57fecf7e8af5fba363b4db582d343ed569e24f199ec,1,可读取,
40_内部培训与方法,40_内部培训与方法/加计扣除/02-浙江省加计扣除指引及实务/加计扣除-文件夹模板/2、自主、委托、合作研究开发专门机构或项目组的编制情况和研发人员名单/样例/9、科技人员绩效考核奖励制度.pdf,14,7213897,79165f74a579deaac7ff7ddf7226958e7710cb68b6f8c4d9b35519cd2dc0ebb6,1,可读取,
40_内部培训与方法,40_内部培训与方法/加计扣除/02-浙江省加计扣除指引及实务/加计扣除-文件夹模板/2、自主、委托、合作研究开发专门机构或项目组的编制情况和研发人员名单/样例/制度汇总表.pdf,1,298344,6ca4728cfd1ccf58842f151ca9efc877276dffd1c8ebd3fd3f98aa5d3a8c26e9,1,可读取,
40_内部培训与方法,40_内部培训与方法/各类答辩ppt/其他项目_培训/2025年 吴丹副高/0 论文/吴丹 基于可靠性分析的军工产品质量控制研究 保密审查.pdf,1,293316,d4c6dc492d7536aec72b1a628aa8f67a64ee2abdb86c6649e5fd96781070aeb6,1,可读取,
40_内部培训与方法,40_内部培训与方法/各类答辩ppt/其他项目_培训/2025年 吴丹副高/000盖章文件/吴总盖章材料 补充/吴丹《设备监理》基于可靠性分析的军工产品质量控制研究(每页盖章).pdf,3,512701,42e651c25d5f038085e1c549f1eba9056f83ebf2ef5b9cbd51a756068b6c0e2b,1,可读取,
40_内部培训与方法,40_内部培训与方法/各类答辩ppt/其他项目_培训/2025年 吴丹副高/000盖章文件/已盖章材料/2022年度考核表.pdf,3,195460,8ecb9cc93c7181070c05e09187f064283437d0b1f786fda5329b005e008d234d,1,可读取,
40_内部培训与方法,40_内部培训与方法/各类答辩ppt/其他项目_培训/2025年 吴丹副高/000盖章文件/已盖章材料/2023年度考核表.pdf,4,163152,892ef1df732f8aa15d9fa3c926364adb5184ed850f0f600fca5b1bda55a6f366,1,可读取,
40_内部培训与方法,40_内部培训与方法/各类答辩ppt/其他项目_培训/2025年 吴丹副高/000盖章文件/已盖章材料/2024年度考核表.pdf,4,142836,74e95c18ebc17c03efa03590a300bb5085c2c62ea1bbc444fc3cf31fb2b41702,1,可读取,
40_内部培训与方法,40_内部培训与方法/各类答辩ppt/其他项目_培训/2025年 吴丹副高/000盖章文件/已盖章材料/专业技术工作业绩说明表.pdf,3,528109,6d97f89ab1cf19ee1548d9287e633de413401b2c51b5f546eee744dfa46e70d9,1,可读取,
40_内部培训与方法,40_内部培训与方法/各类答辩ppt/其他项目_培训/2025年 吴丹副高/000盖章文件/已盖章材料/从事质量专业工作年限证明.pdf,1,79555,2393839916ebb6a7ae8d5ea7d02c22a1484cf607d704eea3221df0ab14c81ce9,1,可读取,
40_内部培训与方法,40_内部培训与方法/各类答辩ppt/其他项目_培训/2025年 吴丹副高/000盖章文件/已盖章材料/吴丹《设备监理》基于可靠性分析的军工产品质量控制研究.pdf,3,1179836,e434a1795aad670638dc740224085f2990ff5fd4fea901e46d4a6df9ca217448,1,可读取,
40_内部培训与方法,40_内部培训与方法/各类答辩ppt/其他项目_培训/2025年 吴丹副高/000盖章文件/已盖章材料/承诺书 (2).pdf,1,98093,4f5bde216216099bc8514def1f57bb4a2ac68fcced1c4869a9c552e3424c3ae7,1,可读取,
40_内部培训与方法,40_内部培训与方法/各类答辩ppt/其他项目_培训/2025年 吴丹副高/000盖章文件/已盖章材料/承诺书 .pdf,1,11739,afd72fc6f5b158d4d5b6b53fcd0c15415edc36e7f961b3c2112e40806bce44af,1,可读取,
40_内部培训与方法,40_内部培训与方法/各类答辩ppt/其他项目_培训/2025年 吴丹副高/000盖章文件/已盖章材料/杭州市专业技术人员继续教育学时登记表.pdf,11,4635939,f995f948848908b32ac88e83baa4b95d10f363bd98046dd8a8d1ef7ccd46e5cb,1,可读取,
40_内部培训与方法,40_内部培训与方法/各类答辩ppt/其他项目_培训/2025年 吴丹副高/000盖章文件/已盖章材料/浙江省质量技术基础专业高级工程师评审打分表.pdf,3,298064,a674a7f4b2f12cfabd5ea4ecf77f54ec28e704161a1893f4879ab7d47e8dc2cb,1,可读取,
40_内部培训与方法,40_内部培训与方法/各类答辩ppt/其他项目_培训/2025年 吴丹副高/000盖章文件/已盖章材料/证明.pdf,1,79630,1623bb5718b499b7f997dec0396180f57bb1e1755f5cfef411a861e16b778b69,1,可读取,
40_内部培训与方法,40_内部培训与方法/各类答辩ppt/其他项目_培训/2025年 吴丹副高/000盖章文件/已盖章材料/证明材料 大众.pdf,1,740901,506359577caef780ab409fa3f170161f45295b21b0e1bce6721365e6849ba105,1,可读取,
40_内部培训与方法,40_内部培训与方法/各类答辩ppt/其他项目_培训/2025年 吴丹副高/000盖章文件/已盖章材料/质量中级聘书 - 大众.pdf,1,464848,b32b0d757c3db2eda83174dd42b48a33d8685386a7df44e3236a093c483e136f,1,可读取,
40_内部培训与方法,40_内部培训与方法/各类答辩ppt/其他项目_培训/2025年 吴丹副高/3 历年劳动合同/2016-2021年劳动合同（大众）.pdf,7,4778170,0e4dd0d1a5166c3802b4248c005344945a110ec787d0e2233e194cdc1f7af7d8,1,可读取,
40_内部培训与方法,40_内部培训与方法/各类答辩ppt/其他项目_培训/2025年 吴丹副高/3 历年劳动合同/2021年 劳动合同（大众）.pdf,10,5557865,6d9ceee96fef55c93b3ad1dd69756e1df0be9dfe8c9950b3efda5a0a5163f127,1,可读取,
40_内部培训与方法,40_内部培训与方法/各类答辩ppt/其他项目_培训/2025年 吴丹副高/3 历年劳动合同/2021年 劳动合同（湘亭）.pdf,5,1693512,6399a59da6aad4c10adb46a0573df00ef34279117bed3455606d8893fef39446,1,可读取,
40_内部培训与方法,40_内部培训与方法/各类答辩ppt/其他项目_培训/2025年 吴丹副高/3 历年劳动合同/2022年 劳动合同（湘亭）.pdf,6,1362659,c9eb41c01f4bf80429171c85da44b0feedcbbd3e907fbbcae78f291135b6633e,1,可读取,
40_内部培训与方法,40_内部培训与方法/各类答辩ppt/其他项目_培训/2025年 吴丹副高/5 专业工作项目 近5年/业绩1 项目的立项文件 +项目过程中有你签字或者由你经手督办的签名文件/GHZ2100 多功能辐射测量仪/8.3 产品和服务的设计和开发/GHZ2100检测报告.pdf,2,1632854,0d22ffef024b85936d259f198eb1b19e8a797b261b0b3beab4c6cdf011e94402,1,可读取,
40_内部培训与方法,40_内部培训与方法/各类答辩ppt/其他项目_培训/2025年 吴丹副高/5 专业工作项目 近5年/业绩1 项目的立项文件 +项目过程中有你签字或者由你经手督办的签名文件/GHZ2100 多功能辐射测量仪/8.3 产品和服务的设计和开发/GHZ2100结构图.pdf,1,211303,0828fca3ab547cb73d0d7db9ca89d95db718fe774fd9d808905ba5d9acbb2dd5,1,可读取,
40_内部培训与方法,40_内部培训与方法/各类答辩ppt/其他项目_培训/2025年 吴丹副高/5 专业工作项目 近5年/业绩1 项目的立项文件 +项目过程中有你签字或者由你经手督办的签名文件/GHZ2100 多功能辐射测量仪/GHZ2100 多功能辐射测量仪 立项书.pdf,4,184769,2af8bd13046415dc6df241b95e88a4e76c0777e70be35954a322a9cdb6b8fe6d,1,可读取,
40_内部培训与方法,40_内部培训与方法/各类答辩ppt/其他项目_培训/2025年 吴丹副高/5 专业工作项目 近5年/业绩1 项目的立项文件 +项目过程中有你签字或者由你经手督办的签名文件/GHZ2100 多功能辐射测量仪/合同和验收 GHZ2100  23-66   23.6.5绵阳中创慧科科技有限公司295W/23-66    24.1.15验收单.pdf,1,2304642,744e7327c1d7a45407b09e10a3fb3fad14cb82fadd850b775986601db6b95845,1,可读取,
40_内部培训与方法,40_内部培训与方法/各类答辩ppt/其他项目_培训/2025年 吴丹副高/5 专业工作项目 近5年/业绩1 项目的立项文件 +项目过程中有你签字或者由你经手督办的签名文件/GHZ2100 多功能辐射测量仪/合同和验收 GHZ2100  23-66   23.6.5绵阳中创慧科科技有限公司295W/23-66   23.6.5绵阳中创慧科科技有限公司295W.pdf,5,10030613,ad14b581fc3815828c23e9097d975acb9dccd9991c2b3350acdd9cbf926764d3,1,可读取,
40_内部培训与方法,40_内部培训与方法/各类答辩ppt/其他项目_培训/2025年 吴丹副高/5 专业工作项目 近5年/业绩1 项目的立项文件 +项目过程中有你签字或者由你经手督办的签名文件/GHZ2100 多功能辐射测量仪/部分过程文件/MX-C6082D_20250922_165939.pdf,1,66567,a9a06074b37c615c86d4b60d444f7eb04cf8250d25b0ee66938fa4aa5686acc7,1,可读取,
40_内部培训与方法,40_内部培训与方法/各类答辩ppt/其他项目_培训/2025年 吴丹副高/5 专业工作项目 近5年/业绩1 项目的立项文件 +项目过程中有你签字或者由你经手督办的签名文件/GHZ2100 多功能辐射测量仪/部分过程文件/MX-C6082D_20250922_165949.pdf,1,62608,ec4a35527972ec9205d78815f7c16d98049ca7ccc284bad747bbc0cb45bb4a5e,1,可读取,
40_内部培训与方法,40_内部培训与方法/各类答辩ppt/其他项目_培训/2025年 吴丹副高/5 专业工作项目 近5年/业绩1 项目的立项文件 +项目过程中有你签字或者由你经手督办的签名文件/GHZ2100 多功能辐射测量仪/部分过程文件/MX-C6082D_20250922_165959.pdf,1,68242,3e156e4d1eae750bfb9eebd23cdc210f57ed5a17bc6ff7c333765e56aeeddcc6,1,可读取,
40_内部培训与方法,40_内部培训与方法/各类答辩ppt/其他项目_培训/2025年 吴丹副高/5 专业工作项目 近5年/业绩1 项目的立项文件 +项目过程中有你签字或者由你经手督办的签名文件/GHZ2100 多功能辐射测量仪/部分过程文件/MX-C6082D_20250922_170010.pdf,1,61384,c5d80186c185d8ba8b9b59741f1b7c30c2b2496bee04aaf7c958f3b759cdef9c,1,可读取,
40_内部培训与方法,40_内部培训与方法/各类答辩ppt/其他项目_培训/2025年 吴丹副高/5 专业工作项目 近5年/业绩1 项目的立项文件 +项目过程中有你签字或者由你经手督办的签名文件/GHZ2100 多功能辐射测量仪/部分过程文件/XTJL11-01    设计和开发计划书.pdf,1,299985,c0ed9b9751350d29460f36b25d3b808380c1b6d8f81f4cd9b382acbce82cae0e,1,可读取,
40_内部培训与方法,40_内部培训与方法/各类答辩ppt/其他项目_培训/2025年 吴丹副高/5 专业工作项目 近5年/业绩1 项目的立项文件 +项目过程中有你签字或者由你经手督办的签名文件/GHZ2100 多功能辐射测量仪/部分过程文件/XTJL11-02    设计开发输入评审报告.pdf,2,360316,452f3ad4b54e932b3dd54ac823db453cdee06221ea928131e657ecdfd7f104bb,1,可读取,
40_内部培训与方法,40_内部培训与方法/各类答辩ppt/其他项目_培训/2025年 吴丹副高/5 专业工作项目 近5年/业绩1 项目的立项文件 +项目过程中有你签字或者由你经手督办的签名文件/GHZ2100 多功能辐射测量仪/部分过程文件/XTJL11-03    设计开发评审报告.pdf,1,261336,486674e758aa0c7f99bb25619e654c05fc6321a739e85fe9f024791ca3d5f47e,1,可读取,
40_内部培训与方法,40_内部培训与方法/各类答辩ppt/其他项目_培训/2025年 吴丹副高/5 专业工作项目 近5年/业绩1 项目的立项文件 +项目过程中有你签字或者由你经手督办的签名文件/GHZ2100 多功能辐射测量仪/部分过程文件/XTJL11-04    设计开发验证报告.pdf,2,360317,4b98e977dcee4d758469aedfbf6128ad33f2b9ca8a752702c96224693748febc,1,可读取,
40_内部培训与方法,40_内部培训与方法/各类答辩ppt/其他项目_培训/2025年 吴丹副高/5 专业工作项目 近5年/业绩1 项目的立项文件 +项目过程中有你签字或者由你经手督办的签名文件/GHZ2100 多功能辐射测量仪/部分过程文件/XTJL11-06    技术文件输出记录.pdf,2,388439,fa20816d9bd21a2e81abc8c3940f16b36077abc311e53cf5f004b4457febc70f,1,可读取,
40_内部培训与方法,40_内部培训与方法/各类答辩ppt/其他项目_培训/2025年 吴丹副高/5 专业工作项目 近5年/业绩1 项目的立项文件 +项目过程中有你签字或者由你经手督办的签名文件/GHZ2100 多功能辐射测量仪/部分过程文件/XTJL11-08    关键件（特性）和重要件（特性）明细表.pdf,1,154026,50acc934652df8f8f14a92f11bf0f46e029c22b0a31554bf700e8ae32c6cf33f,1,可读取,
40_内部培训与方法,40_内部培训与方法/各类答辩ppt/其他项目_培训/2025年 吴丹副高/5 专业工作项目 近5年/业绩1 项目的立项文件 +项目过程中有你签字或者由你经手督办的签名文件/GHZ2100 多功能辐射测量仪/部分过程文件/XTJL13-07    产品质量评审申请表 XTJL13-08   产品质量评审报告.pdf,5,644755,2f1d7521b7e678e952a75edf1b9fea205c7e445c821ad8dd83481429ff54cbb9,1,可读取,
40_内部培训与方法,40_内部培训与方法/各类答辩ppt/其他项目_培训/2025年 吴丹副高/5 专业工作项目 近5年/业绩1 项目的立项文件 +项目过程中有你签字或者由你经手督办的签名文件/GHZ2100 多功能辐射测量仪/部分过程文件/产品质量保证大纲.pdf,1,46490,e75d354b0f45d35da8e588fff1a5aff5330b58b85a0400eee6d2f65ee999454a,1,可读取,
40_内部培训与方法,40_内部培训与方法/各类答辩ppt/其他项目_培训/2025年 吴丹副高/5 专业工作项目 近5年/业绩1 项目的立项文件 +项目过程中有你签字或者由你经手督办的签名文件/GHZ2100 多功能辐射测量仪/部分过程文件/风险评估报告表 风险应对计划一览表 .pdf,2,291509,fcfe0f8ea1f38619677c4c0016ace66c74caec1eba9d022f71df22fa99ae43f1,1,可读取,
40_内部培训与方法,40_内部培训与方法/各类答辩ppt/其他项目_培训/2025年 吴丹副高/5 专业工作项目 近5年/业绩1 项目的立项文件 +项目过程中有你签字或者由你经手督办的签名文件/环境Kr-85浓缩采样系统项目/01、立项 GHZ-KRS1环境Kr-85浓缩采样系统-氪自动取样分析系统.pdf,5,1221676,bea7a5f1c61b663e160d8bf0a96c837f735aa988da099bfb7320d621acfc597d,1,可读取,
40_内部培训与方法,40_内部培训与方法/各类答辩ppt/其他项目_培训/2025年 吴丹副高/5 专业工作项目 近5年/业绩1 项目的立项文件 +项目过程中有你签字或者由你经手督办的签名文件/环境Kr-85浓缩采样系统项目/产品交付管理作业指导书（VCZY10-01）.pdf,11,2232766,174578773f9a16cafc35bfef524eea1f7516d51e11a9169020484704d9e5f2fb,1,可读取,
40_内部培训与方法,40_内部培训与方法/各类答辩ppt/其他项目_培训/2025年 吴丹副高/5 专业工作项目 近5年/业绩1 项目的立项文件 +项目过程中有你签字或者由你经手督办的签名文件/环境Kr-85浓缩采样系统项目/出厂验收文件.pdf,11,3332765,68770ebfcfc9de991b76fb36a5df6c971bfcc037d672559d527fecc7543f39e4,1,可读取,
40_内部培训与方法,40_内部培训与方法/各类答辩ppt/其他项目_培训/2025年 吴丹副高/5 专业工作项目 近5年/业绩1 项目的立项文件 +项目过程中有你签字或者由你经手督办的签名文件/环境Kr-85浓缩采样系统项目/环境Kr-85浓缩采样系统质量计划.pdf,10,2949394,f6dc9fc04e300440eb683fc1e5c558dbc1230863462423c3df0a71b08bbe2406,1,可读取,
40_内部培训与方法,40_内部培训与方法/各类答辩ppt/其他项目_培训/2025年 吴丹副高/5 专业工作项目 近5年/业绩1 项目的立项文件 +项目过程中有你签字或者由你经手督办的签名文件/环境Kr-85浓缩采样系统项目/环境Kr-85浓缩采样系统项目-质量保证大纲（9）.pdf,35,7940783,09416753332f6d29926a2da1757f848385840e6d1d8ad0ed6e91e4d20ec21e69,1,可读取,
40_内部培训与方法,40_内部培训与方法/各类答辩ppt/其他项目_培训/2025年 吴丹副高/5 专业工作项目 近5年/业绩1 项目的立项文件 +项目过程中有你签字或者由你经手督办的签名文件/环境Kr-85浓缩采样系统项目/环境Kr-85浓缩采样系统验收规范（VCJL-064）.pdf,11,282827,20bbf9a40fbab93f0988a022723db3294d7b3a5877bed4290be232f6ed8c11ca,1,可读取,
40_内部培训与方法,40_内部培训与方法/各类答辩ppt/其他项目_培训/2025年 吴丹副高/5 专业工作项目 近5年/业绩1 项目的立项文件 +项目过程中有你签字或者由你经手督办的签名文件/环境Kr-85浓缩采样系统项目/生产过程控制程序（CX15）.pdf,10,296631,bcee17907d50aafe4981dc5e166b008dfd81289614eeca9c76d2b1319b039333,1,可读取,
40_内部培训与方法,40_内部培训与方法/各类答辩ppt/其他项目_培训/2025年 吴丹副高/5 专业工作项目 近5年/业绩1 项目的立项文件 +项目过程中有你签字或者由你经手督办的签名文件/环境Kr-85浓缩采样系统项目/进货检验作业指导书（VCZY01-01）.pdf,25,551732,734651407fb4511ad0636daa3af13c845e8737483e0ee7521ff36563ae63dccd,1,可读取,
40_内部培训与方法,40_内部培训与方法/各类答辩ppt/其他项目_培训/2025年 吴丹副高/5 专业工作项目 近5年/业绩1 项目的立项文件 +项目过程中有你签字或者由你经手督办的签名文件/管道内表面污染自动探测与洗消技术研究/284   23.1  管道-96901 技术服务合同  108.5W.pdf,40,134545575,b2f79c53984581789c5121d1e4f099833bd1b0c4d6aefd9277bcb76b9e125f48,1,可读取,
40_内部培训与方法,40_内部培训与方法/各类答辩ppt/其他项目_培训/2025年 吴丹副高/5 专业工作项目 近5年/业绩1 项目的立项文件 +项目过程中有你签字或者由你经手督办的签名文件/管道内表面污染自动探测与洗消技术研究/新文档2024-01-17(1).pdf,1,103801,086693b68c3367ec799d4c6b3cf7cbfa1c4547196b7e965c43d87c4e480c4e3a,1,可读取,
40_内部培训与方法,40_内部培训与方法/各类答辩ppt/其他项目_培训/2025年 吴丹副高/5 专业工作项目 近5年/业绩1 项目的立项文件 +项目过程中有你签字或者由你经手督办的签名文件/管道内表面污染自动探测与洗消技术研究/新文档2024-01-17(2).pdf,1,94203,4df4413097382c82fa22302b2114bd24195c670d100e16cbd276de91909b4e0b,1,可读取,
40_内部培训与方法,40_内部培训与方法/各类答辩ppt/其他项目_培训/2025年 吴丹副高/5 专业工作项目 近5年/业绩1 项目的立项文件 +项目过程中有你签字或者由你经手督办的签名文件/管道内表面污染自动探测与洗消技术研究/新文档2024-01-17.pdf,1,66932,d95baeb5b669bbc62b24f20cff97c15d80c59569b22718549f4503340bca1359,1,可读取,
40_内部培训与方法,40_内部培训与方法/各类答辩ppt/其他项目_培训/2025年 吴丹副高/5 专业工作项目 近5年/业绩1 项目的立项文件 +项目过程中有你签字或者由你经手督办的签名文件/管道内表面污染自动探测与洗消技术研究/验收意见.pdf,3,250352,f7c5fdeb06fad8886716cf46f665c0b9234c2cf4ead824040f266db43af42ddf,1,可读取,
40_内部培训与方法,40_内部培训与方法/各类答辩ppt/其他项目_培训/2025年 吴丹副高/5 专业工作项目 近5年/业绩3 2020-2022年项目/21年部门体系运行情况总结.pdf,4,2074554,c1bab4410e917d748cb94268c62971e17b27e3d5ae19506f98fa62aca2b53db5,1,可读取,
40_内部培训与方法,40_内部培训与方法/各类答辩ppt/其他项目_培训/2025年 吴丹副高/5 专业工作项目 近5年/业绩3 2020-2022年项目/某L型车/47归零.pdf,7,4031376,2f04ca7804c8e64bc2d411b851c3b2e6c4e1da2a0d3e8979e22898ef277f0cea,1,可读取,
40_内部培训与方法,40_内部培训与方法/各类答辩ppt/其他项目_培训/2025年 吴丹副高/5 专业工作项目 近5年/业绩3 2020-2022年项目/某L型车/L车质保大纲1.pdf,6,2323215,b58e9c6c1ef2aa00f57dd1e95e60e8a5fc96fe1fefbe69e9ed165eb51b29886b,1,可读取,
40_内部培训与方法,40_内部培训与方法/各类答辩ppt/其他项目_培训/2025年 吴丹副高/5 专业工作项目 近5年/业绩3 2020-2022年项目/某L型车/L车质保大纲2.pdf,6,2564371,bc3e7ff593c9a0942151aec3c490ea1aa58dafb1869787b862278562d9403822,1,可读取,
40_内部培训与方法,40_内部培训与方法/各类答辩ppt/其他项目_培训/2025年 吴丹副高/5 专业工作项目 近5年/业绩3 2020-2022年项目/某Y型车/Y车质保大纲.pdf,7,3099603,25b2d3291bca34039f02a0c86709fa1242aecfbeaa1752933e96020f90453fc8,1,可读取,
40_内部培训与方法,40_内部培训与方法/各类答辩ppt/其他项目_培训/2025年 吴丹副高/5 专业工作项目 近5年/业绩3 2020-2022年项目/某分队/分队 质保大纲.pdf,6,2662554,f3b5b74ce2675439eee9c7e63b5975a5c8b96c23465602a87f85b45092279de9,1,可读取,
40_内部培训与方法,40_内部培训与方法/各类答辩ppt/其他项目_培训/2025年 吴丹副高/5 专业工作项目 近5年/业绩3 2020-2022年项目/某防K系统配套产品/伺服控制器 工作异常分析报告.pdf,6,4028000,b67ebef00331cba75f6ef7b0997a0863b6a1370227993d3c23fd84e1a08c1e20,1,可读取,
40_内部培训与方法,40_内部培训与方法/各类答辩ppt/其他项目_培训/2025年 吴丹副高/5 专业工作项目 近5年/业绩3 2020-2022年项目/某防K系统配套产品/伺服质量保证策划报告.pdf,16,11836510,efaecb3e28329125c25fd68f75ac0133f097e8364a54291dbadd26ec0d147ba2,1,可读取,
40_内部培训与方法,40_内部培训与方法/各类答辩ppt/其他项目_培训/2025年 吴丹副高/5 专业工作项目 近5年/补充业绩/XTKJ2022RD06 无人机投放式辐射连续监测系统的研发 立项 批复 验收.PDF,7,1963464,bcb638d7e7f5b501a2945bbb7a67073ae0fb7102666b305c9c31b310eca0ac42,1,可读取,
40_内部培训与方法,40_内部培训与方法/各类答辩ppt/其他项目_培训/2025年 吴丹副高/5 专业工作项目 近5年/补充业绩/kr-85 应用证明 二等业绩中.pdf,2,750789,dd4e4ef1b7daa24b3859f721194f847d7dba015e61a3c67fcdd1d4350fd32b52,1,可读取,
40_内部培训与方法,40_内部培训与方法/各类答辩ppt/其他项目_培训/2025年 吴丹副高/5 专业工作项目 近5年/补充业绩/放射性惰性气体(Kr-85)浓缩采样系统的研究-桂科AB24010022(盖章).pdf,29,6651726,0bf8bd1d112d357230890bb21f52f25ab5eaa70f3a2bf2ddac72349478e48c8e,1,可读取,
40_内部培训与方法,40_内部培训与方法/各类答辩ppt/其他项目_培训/2025年 吴丹副高/5 专业工作项目 近5年/补充业绩/项目/IP20-湘亭ROMS个人剂量监测数据处理系统软件（环保版）.pdf,1,1780447,c27d472ac7893ee211f4981c85664602b99179195e591c48e714a68979fe19d0,1,可读取,
40_内部培训与方法,40_内部培训与方法/各类答辩ppt/其他项目_培训/2025年 吴丹副高/5 专业工作项目 近5年/补充业绩/项目/IP21-环境辐射实验室LIMS管理系统.pdf,1,1791072,eb4af47068e4b7a65995eb2f8f21cc159840cc22e79c17ace499a3c84cef8873,1,可读取,
40_内部培训与方法,40_内部培训与方法/各类答辩ppt/其他项目_培训/2025年 吴丹副高/5 专业工作项目 近5年/补充业绩/项目/XTKJ2022RD04 湘亭ROMS个人剂量监测数据处理系统的研发 立项、批复 验收.pdf,7,608914,195a18e84ba650d02c955bec232ee16994611c45b6e10c46174c35eed726e5f3,1,可读取,
40_内部培训与方法,40_内部培训与方法/各类答辩ppt/其他项目_培训/2025年 吴丹副高/5 专业工作项目 近5年/补充业绩/项目/XTKJ2022RD05 环境辐射实验室LIMS管理系统的研发 立项 批复 验收.pdf,7,573606,db46dd769813e1c7f3309b6cd63b3f187a82c5e19335d383d9c6e3bf49db68db,1,可读取,
40_内部培训与方法,40_内部培训与方法/各类答辩ppt/其他项目_培训/2025年 吴丹副高/5 专业工作项目 近5年/补充业绩/项目/XTKJ2022RD06 无人机投放式辐射连续监测系统的研发 立项 批复 验收.pdf,7,779540,ab5cf837d308c0d4df1e6e85784ece666a27c15c591c4b20973123514e7f35c6,1,可读取,
40_内部培训与方法,40_内部培训与方法/各类答辩ppt/其他项目_培训/2025年 吴丹副高/5 专业工作项目 近5年/补充业绩/项目/个人剂量监测数据处理系统软件相关合同    广西壮族自治区辐射环境监督管理站.pdf,36,73488926,a2a4c30092b67c5861cb10c90a05ce355cdcc295b964c76b3153df91ca6931ce,1,可读取,
40_内部培训与方法,40_内部培训与方法/各类答辩ppt/其他项目_培训/2025年 吴丹副高/5 专业工作项目 近5年/补充业绩/项目/环境辐射实验室LIMS管理系统相关合同  23.2.27  新疆108W.pdf,10,15612654,77adc0b8e9434bfc4c916b862b4166ad9dca862dfe247f5554887aa702b9ef20,1,可读取,
40_内部培训与方法,40_内部培训与方法/各类答辩ppt/其他项目_培训/2025年 吴丹副高/5 专业工作项目 近5年/质量基础工作 二等业绩/杭州市企业技术中心/2025年杭州市企业技术中心复评相关表格25.7.17.pdf,22,13839035,406d962903bac9d268c11ddc3e35cc46af0b87c8ebbfcd6b031a1462f1122f76,1,可读取,
40_内部培训与方法,40_内部培训与方法/各类答辩ppt/其他项目_培训/2025年 吴丹副高/5 专业工作项目 近5年/质量基础工作 二等业绩/质量负责人任命书.pdf,1,126489,e26b6df7bcc89b2c6df505ce28929be339a930d30e20cc389382d868b5bcc409,1,可读取,
40_内部培训与方法,40_内部培训与方法/各类答辩ppt/其他项目_培训/2025年 吴丹副高/5 专业工作项目 近5年/质量基础工作 二等业绩/院士指导站-湘亭/身份证何帅兴.PDF,1,272755,3d9a11a9410b840b28b1efb4e6337e3df5d4b9e08b4de32e04c3ae0b479c8ce1,1,可读取,
40_内部培训与方法,40_内部培训与方法/各类答辩ppt/其他项目_培训/2025年 吴丹副高/5 专业工作项目 近5年/质量基础工作 二等业绩/院士指导站-湘亭/院士指导站建站协议-湘亭.pdf,2,501806,c8ff29c7b5dae43c5e161a5c7580b6028987f6009646622c8c788055c22479cc,1,可读取,
40_内部培训与方法,40_内部培训与方法/各类答辩ppt/其他项目_培训/2025年 吴丹副高/5 专业工作项目 近5年/质量基础工作 二等业绩/院士指导站-湘亭/院士指导站项目合作协议（合同）-湘亭.pdf,8,2823471,79621e77cfa03ef1a78d25f63a234b9b9f7c11456394a3a42912c1d3a8b0b6af,1,可读取,
40_内部培训与方法,40_内部培训与方法/各类答辩ppt/其他项目_培训/2025年 吴丹副高/7 获奖 荣誉/吴丹 先进工作者.pdf,1,389814,577e73995a91529f7443fd2b7c276b11ad24f41aa699950eece7fd3dfc557274,1,可读取,
40_内部培训与方法,40_内部培训与方法/各类答辩ppt/其他项目_培训/2025年 吴丹副高/7 获奖 荣誉/吴丹 聘书.pdf,1,1329440,bf07774bbb220a193e9af690341f329fcb24cb255a9d3e788c952b72998456fc,1,可读取,
40_内部培训与方法,40_内部培训与方法/各类答辩ppt/其他项目_培训/2025年 吴丹副高/▲/专业技术工作业绩说明表（高级工程师） .pdf,3,138256,daf7ceb04ac587e94ff134883f9cdddd509dfbc34868c7ad43b90cca1c916483,1,可读取,
40_内部培训与方法,40_内部培训与方法/各类答辩ppt/其他项目_培训/2025年 吴丹副高/▲/专业技术工作业绩说明表（高级工程师） 盖章.pdf,3,484436,597e3eef743ae175097197146eda5eac6799ae099a8dcddce1d251d64f6c9566,1,可读取,
40_内部培训与方法,40_内部培训与方法/各类答辩ppt/其他项目_培训/2025年 吴丹副高/▲/浙江省质量技术基础专业高级工程师评审打分表 盖章.pdf,2,264761,25509b4716bd7689d412f1272f377369ff78f462833a7eb52feb0fbdc85390e2,1,可读取,
40_内部培训与方法,40_内部培训与方法/各类答辩ppt/其他项目_培训/制造业企业质量管理能力评价/ISO10014-2021质量管理实现财务和经济效益的指南中文版.pdf,25,6082932,5ab468473ef42c0ce8fa85fa0a59eaffd72962e8f74e8c6239cafb81ad163290,1,可读取,
40_内部培训与方法,40_内部培训与方法/各类答辩ppt/其他项目_培训/标准参考/GB∕T 37393-2019 数字化车间 通用技术要求.pdf,49,1444143,f1b57dde8ab265cb37ec1f76473fd3345cee9df653e7c68343ef580923c93be4,1,可读取,
40_内部培训与方法,40_内部培训与方法/各类答辩ppt/其他项目_培训/标准参考/GB∕T 39116-2020 智能制造能力成熟度模型.pdf,18,7192432,d45aeaf7d70d5a9397b150d2fa189b088d3db5cd0ef54e5697d60a8562761349,1,可读取,
40_内部培训与方法,40_内部培训与方法/各类答辩ppt/其他项目_培训/标准参考/GB∕T 39117-2020 智能制造能力成熟度评估方法.pdf,10,3016601,383bd157ac004dff6d773e914618915cb3343c9a96db8617367aac36ca15fd3c,1,可读取,
40_内部培训与方法,40_内部培训与方法/各类答辩ppt/学习PPT（重要！）/高企培训220623.pdf,43,16670943,276354a45dbc507b9bd72ff604edc0fb0292af88b12ad714b6ac18360705df9a,1,可读取,
40_内部培训与方法,40_内部培训与方法/技术改造和未来工厂/未来工厂、智能制造/市 数字化/关于召开2022年制造业数字化数字化改造攻关项目答辩评审会的通知(1).pdf,6,3715025,16a363c1ccae0cb31aa56c3036a4a9f40bca168ec5f9a14d214821e93d5de9b3,1,可读取,
40_内部培训与方法,40_内部培训与方法/首版次/3校宝在线（杭州）科技股份有限公司-首版次/校宝首版次/4、销售合同/杭州富阳健乐乒乓球培训有限公司.pdf,,510033,232e99b3bbff4cfb8fc5fac364b5d2c88870e50b17724c0924dcba3b0d7d3201,1,PDF结构异常,PdfReadError:Could not read Boolean object
60_申报案例与建设方案,60_申报案例与建设方案/1.谈单资料/8.绿色-数字-智能-技改/2.数字化相关政策及开发方案/新力机械数字化改造验收材料.pdf,94,39131059,777c8939947895712107016e74fa3f63e49628a11a040500b412b0ef8065a5ca,1,可读取,
60_申报案例与建设方案,60_申报案例与建设方案/优质中小企业梯度培育/中焯重点项目__附件_1.pdf,1,81944,c5c78cfa5360aac20aa8c05d15dee59800bc420cc72ecdc1f67d752d05ebdffb,1,可读取,
60_申报案例与建设方案,60_申报案例与建设方案/优质中小企业梯度培育/中焯重点项目__附件_10.pdf,1,81935,115150a1daf5755495fb1f9d526d38d825bddf29cdb0d378a02e291a37a50a86,1,可读取,
60_申报案例与建设方案,60_申报案例与建设方案/优质中小企业梯度培育/中焯重点项目__附件_11.pdf,1,81981,48013c98d25f320e5cf9c4b935da63c5671dce2d2c85797ad8cf2edf4d53ae17,1,可读取,
60_申报案例与建设方案,60_申报案例与建设方案/优质中小企业梯度培育/中焯重点项目__附件_12.pdf,1,81906,451bfdd4a739efb35db2c2bff7335ae5c4ae21b746d5783af0b874f4f6b79d01,1,可读取,
60_申报案例与建设方案,60_申报案例与建设方案/优质中小企业梯度培育/中焯重点项目__附件_13.pdf,1,81947,324ecab797e7babb4b6a363f2a09e8ca4720298d37c9c97ca28ee32ebc578bc7,1,可读取,
60_申报案例与建设方案,60_申报案例与建设方案/优质中小企业梯度培育/中焯重点项目__附件_14.pdf,1,81940,128441de5cba2f4543b74f6dcea0f70b35b8ff0ca478391b4cca65a44f438d73,1,可读取,
60_申报案例与建设方案,60_申报案例与建设方案/优质中小企业梯度培育/中焯重点项目__附件_15.pdf,1,81969,9ff55968a3b4ffe2fe1bbe6e8b2da8943c7dc20c8bf95fff784955d375e996d6,1,可读取,
60_申报案例与建设方案,60_申报案例与建设方案/优质中小企业梯度培育/中焯重点项目__附件_16.pdf,1,84963,c3049ab711eb7225e708c2a52294fc257ef44042ed5361a698166d9647c7fac4,1,可读取,
60_申报案例与建设方案,60_申报案例与建设方案/优质中小企业梯度培育/中焯重点项目__附件_17.pdf,1,81925,cd1c096d02c191621df58efa886ea7b5f5e7d261a894b8575757e309a1815c23,1,可读取,
60_申报案例与建设方案,60_申报案例与建设方案/优质中小企业梯度培育/中焯重点项目__附件_18.pdf,1,81941,dcf6ea2efb180de1866e8a2fa88c3efaea3ac881cf63d53ef499746ac780c0ee,1,可读取,
60_申报案例与建设方案,60_申报案例与建设方案/优质中小企业梯度培育/中焯重点项目__附件_2.pdf,1,81946,857a2bfdae8e80c62d2453038a687c06c754bbc5dd5ed2ef7413b9a7c0ccd2bf,1,可读取,
60_申报案例与建设方案,60_申报案例与建设方案/优质中小企业梯度培育/中焯重点项目__附件_3.pdf,1,81907,81824e8516b58e73c4faa7e5e0778aee1d4e86dd6114ee6c78223a072ef25eb2,1,可读取,
60_申报案例与建设方案,60_申报案例与建设方案/优质中小企业梯度培育/中焯重点项目__附件_4.pdf,1,81906,c2bb653626f33c291ba803fc7526e400841b03de749f569831a487984745fc11,1,可读取,
60_申报案例与建设方案,60_申报案例与建设方案/优质中小企业梯度培育/中焯重点项目__附件_5.pdf,1,81918,b29ced3170e1f377b61528cc1de732338138be0220d7ad7b032c95a66c988a71,1,可读取,
60_申报案例与建设方案,60_申报案例与建设方案/优质中小企业梯度培育/中焯重点项目__附件_6.pdf,1,81935,eba6f8df4b8d050180bf7ec9b5ba1cbde4390105db843250b4d7fce45d97da74,1,可读取,
60_申报案例与建设方案,60_申报案例与建设方案/优质中小企业梯度培育/中焯重点项目__附件_7.pdf,1,81911,25324a104273a4d1c1301044942a76647b38038b2b168aa46a74d4813ade8873,1,可读取,
60_申报案例与建设方案,60_申报案例与建设方案/优质中小企业梯度培育/中焯重点项目__附件_8.pdf,1,81903,49323a5db0828247ff2590d634f569b5e7e3fdcebfaff446b208a8c76551e899,1,可读取,
60_申报案例与建设方案,60_申报案例与建设方案/优质中小企业梯度培育/中焯重点项目__附件_9.pdf,1,81904,ef607a03a5e380ba95f5fae06c16e898afc44992bdf12ad3eca8703bf5ef095c,1,可读取,
60_申报案例与建设方案,60_申报案例与建设方案/优质中小企业梯度培育/校宝在线首版次证明__06-企业获得管理体系认证情况.pdf,7,4305974,ba1e5a2128472c055d98d55fb04104e2810eabe2358b6f7e038095203474fe32,1,可读取,
60_申报案例与建设方案,60_申报案例与建设方案/优质中小企业梯度培育/校宝在线首版次证明__07-核心业务采用信息系统支撑情况.pdf,34,17144866,6912be270bd5e6c435aa303110c464f185f59d585b49ee5fe447a83e7fd31621,1,可读取,
60_申报案例与建设方案,60_申报案例与建设方案/优质中小企业梯度培育/校宝在线首版次证明__08-数字化赋能情况.pdf,8,5044214,570e70d2841b5bdfd8298e06012bf90d87080880aa239f10a2a68952315b73c8,1,可读取,
60_申报案例与建设方案,60_申报案例与建设方案/优质中小企业梯度培育/校宝在线首版次证明__09-自主品牌.pdf,2,2776207,7ba46fdf839fb6b9a073ae3ee06af5b20c011367c93ce677da6d370b39231a75,1,可读取,
60_申报案例与建设方案,60_申报案例与建设方案/优质中小企业梯度培育/校宝在线首版次证明__10-细分市场占有率证明.pdf,2,56072,9d1f929c7f3f2c454eb6c17156a7dacdc10df6c45d6cf94b86d6f2e9be593301,1,可读取,
60_申报案例与建设方案,60_申报案例与建设方案/优质中小企业梯度培育/校宝在线首版次证明__12-企业与高校、研发机构联合成立研发机构情况.pdf,21,15896563,6d9f20cf116871f19efb033639252ab08ee31e28712bac0750f61c564d7df2ea,1,可读取,
60_申报案例与建设方案,60_申报案例与建设方案/优质中小企业梯度培育/校宝在线首版次证明__14-为企业配套的佐证材料.pdf,8,4203261,f1a8406b6768a34ce0449e9e2b4bbdcfa7ff90b8db9dd64d9ced5d4bf1c7cabd,1,可读取,
60_申报案例与建设方案,60_申报案例与建设方案/优质中小企业梯度培育/校宝在线首版次证明__15-企业属于工业“六基”页面截图.pdf,2,255029,31b3ff193cfad528ffc7310b3712365499e465b89e8a696c723ba7f201c52813,1,可读取,
60_申报案例与建设方案,60_申报案例与建设方案/优质中小企业梯度培育/校宝在线首版次证明__17-征信记录查询截图.pdf,3,719158,8795816ed03e7355f61fc39206f696bf315573d487eaa318cb3631b1ed9f36f9,1,可读取,
60_申报案例与建设方案,60_申报案例与建设方案/优质中小企业梯度培育/校宝在线首版次证明__18-制造强国截图.pdf,1,160093,f005dc26e7c3fface90d616e76b24f7546ed1a0d03170ec29fa7a81563b1c978,1,可读取,
60_申报案例与建设方案,60_申报案例与建设方案/优质中小企业梯度培育/校宝在线首版次证明__19-其他荣誉资质情况.pdf,4,2893697,491498a51bf5b2bba8f682fbc9d475092b3f0497794ff7341d0ed314b7319f51,1,可读取,
60_申报案例与建设方案,60_申报案例与建设方案/优质中小企业梯度培育/案例-威科工贸隐形冠军申请书.pdf,3,2053718,7f62615948b25713888b427085dd4ad597fd842afcc3db7d1d0f8055f20d7c31,1,可读取,
60_申报案例与建设方案,60_申报案例与建设方案/优质中小企业梯度培育/案例-新世纪混合气体隐形冠军申请书.pdf,4,1232227,54e20464b679d8a8d71a693d4e9d8206ebd3f171c52c2b113d7dbc023feea837,1,可读取,
60_申报案例与建设方案,60_申报案例与建设方案/加计扣除/加计扣除备查资料/2022年研发加计-2023.6.19/22-RD04/试验记录/STI-20220614-023S-3.pdf,49,6917558,f046b88508a6b74242616a3399a1cf313669f59172fad0c7cb72742b3cc68472,1,可读取,
60_申报案例与建设方案,60_申报案例与建设方案/加计扣除/加计扣除备查资料/2022年研发加计-2023.6.19/22-RD04/试验记录/STI-20220614-029S-2.PDF,6,2091134,5d7914538b652eed58ec162747b363a4528b1bdc4e8d74d56f3dc12b5ed6add5,1,可读取,
60_申报案例与建设方案,60_申报案例与建设方案/加计扣除/加计扣除备查资料/2022年研发加计-2023.6.19/22-RD04/试验记录/STI-20220614-029S.PDF,5,4066362,77cc868211163e337e4833e863babefaa56cec40d620856b325eaf5b81ab4201,1,可读取,
60_申报案例与建设方案,60_申报案例与建设方案/各类答辩ppt/其他项目_培训/2025年 吴丹副高/5 专业工作项目 近5年/质量基础工作 二等业绩/院士指导站-湘亭/余杭区院士指导站申报书.pdf,9,2584751,4d60a4dea94becb44015ca22989fbf08380cf930d6bb92ef7585bdc151b45852,1,可读取,
60_申报案例与建设方案,60_申报案例与建设方案/技术中心/2022年交科企业技术中心-张锴云/市企业/20220714收到的资料/1_省质监局同意筹建函.pdf,2,474975,a39840e9cf84ce89b974b1453bea3651f2ae3ae65873940f19ee9241174c4de2,1,可读取,
60_申报案例与建设方案,60_申报案例与建设方案/技术中心/2022年交科企业技术中心-张锴云/市企业/20220714收到的资料/4.研发活动及相关情况.pdf,3,450417,afb5d7e720bd185aff7e021111f7dccb48333a17be6058155e727ab21bff39b5,1,可读取,
60_申报案例与建设方案,60_申报案例与建设方案/技术中心/2022年交科企业技术中心-张锴云/市企业/20220714收到的资料/检校项目清单2021.pdf,20,7094793,4bc4cadcd6b581bb1dcd3b1c9425825de7ee27a03a634ae71ef3fa5f9386f3ff,1,可读取,
60_申报案例与建设方案,60_申报案例与建设方案/技术中心/2022年交科企业技术中心-张锴云/市企业/20220714收到的资料/研发发票扫描件（核对后）/10、19、25电子万能试验机（LX007-04) 车辙试验机（LQ027-02) 锚杆质量检测仪（JC072-07 ) .pdf,15,4103987,753fae4b5adddec5f677466b23183255933a80b189cc0dd81ef92aef7db92f6b,1,可读取,
60_申报案例与建设方案,60_申报案例与建设方案/技术中心/2022年交科企业技术中心-张锴云/市企业/20220714收到的资料/研发发票扫描件（核对后）/11车载式落锤弯沉仪（JC022-02).pdf,2,715425,e50d5300d7b9e6450008b1b2e4f50dca00abaf65cfb4e7937df05d573d1573c6,1,可读取,
60_申报案例与建设方案,60_申报案例与建设方案/技术中心/2022年交科企业技术中心-张锴云/市企业/20220714收到的资料/研发发票扫描件（核对后）/12单轮式车轼横向力系数测试仪（JC023-02）.pdf,9,2434393,680cee65b1b5f425e4463da552620bb7202c409ed53e81fb3af4f249b27d3a58,1,可读取,
60_申报案例与建设方案,60_申报案例与建设方案/技术中心/2022年交科企业技术中心-张锴云/市企业/20220714收到的资料/研发发票扫描件（核对后）/13多功能激光路面测试仪（JC019-03).pdf,4,1408127,d6accbb7a7a7c6bf8ce97753d9ad59a4d4085a16c94cb1890b1731ff78053b1e,1,可读取,
60_申报案例与建设方案,60_申报案例与建设方案/技术中心/2022年交科企业技术中心-张锴云/市企业/20220714收到的资料/研发发票扫描件（核对后）/14微机控制电液伺压剪试验机（LX001-03).pdf,4,1268633,157db147fd9e083487d8ba01077bffc3f11ba73722c91095157a908342045ed0,1,可读取,
60_申报案例与建设方案,60_申报案例与建设方案/技术中心/2022年交科企业技术中心-张锴云/市企业/20220714收到的资料/研发发票扫描件（核对后）/15微机控制电子万能试验机（LX002-04）.pdf,2,605148,14a2204d784c043dea7a5c6516226c2fd77198e68e4e5b67f1c2f42b60e23f88,1,可读取,
60_申报案例与建设方案,60_申报案例与建设方案/技术中心/2022年交科企业技术中心-张锴云/市企业/20220714收到的资料/研发发票扫描件（核对后）/16静载锚固试验机（LX003-02）.pdf,3,923114,365048cdabc515d50deffca481f8c8cd49db03aa4e0a0cb4a8d06228fe5c92bb,1,可读取,
60_申报案例与建设方案,60_申报案例与建设方案/技术中心/2022年交科企业技术中心-张锴云/市企业/20220714收到的资料/研发发票扫描件（核对后）/1电液伺服万能试验机（LX002-03）.pdf,1,312764,4589368f9462b5857d8079df93b8601fe94ed6e6a730b41050c2e73401cc3bc6,1,可读取,
60_申报案例与建设方案,60_申报案例与建设方案/技术中心/2022年交科企业技术中心-张锴云/市企业/20220714收到的资料/研发发票扫描件（核对后）/20微机控制拉伸应力松弛机（LX010-02）.pdf,2,616620,058f49477667a8854e1f7675cce52ef7027be1215f4729c73c6f1a972466d7e2,1,可读取,
60_申报案例与建设方案,60_申报案例与建设方案/技术中心/2022年交科企业技术中心-张锴云/市企业/20220714收到的资料/研发发票扫描件（核对后）/21、22、23基桩多跨孔超声波自动循测仪（JC02909）数显混凝土回弹仪（JC037-01）一体式钢筋扫描仪（041-22）.pdf,4,731943,ace6dcc34a6e5da0db34e61d5cafc4b4a7389ed72b2b412ee5ccd3eb00d1859e,1,可读取,
60_申报案例与建设方案,60_申报案例与建设方案/技术中心/2022年交科企业技术中心-张锴云/市企业/20220714收到的资料/研发发票扫描件（核对后）/24灌浆密度度检测仪（JC071-07).pdf,9,2821944,52e63262c256fe059a301e7f08cdcffb6b2ca57e81333c1405b8a3d7e40b8f1a,1,可读取,
60_申报案例与建设方案,60_申报案例与建设方案/技术中心/2022年交科企业技术中心-张锴云/市企业/20220714收到的资料/研发发票扫描件（核对后）/2微机控制电液伺服成能试验机（LX002-05）.pdf,2,623364,d3b068d3c5f95aa4b81a4fc7c0106f2b4e4c654e3c7b9c4e177038d119d33c4f,1,可读取,
60_申报案例与建设方案,60_申报案例与建设方案/技术中心/2022年交科企业技术中心-张锴云/市企业/20220714收到的资料/研发发票扫描件（核对后）/3、5、17、18微机控制电液伺服务万能试验机（LX002-06) (XL004-03) (LX004-04) （LX004-05)基桩多跨超声波自动循测仪（JC029-09).pdf,4,1285254,f6bd8fd0b9ff869a62180660d6b306d51b9c06dc9fd70eee3cf345c13b4d09c6,1,可读取,
60_申报案例与建设方案,60_申报案例与建设方案/技术中心/2022年交科企业技术中心-张锴云/市企业/20220714收到的资料/研发发票扫描件（核对后）/4电液伺服压力试验机（LX004-02）.pdf,1,298040,6567a525b1d24af4ca06a611b021c965151c303abf1776c2a7b7207ef10f55b1,1,可读取,
60_申报案例与建设方案,60_申报案例与建设方案/技术中心/2022年交科企业技术中心-张锴云/市企业/20220714收到的资料/研发发票扫描件（核对后）/6全自动沥青针入度仪（LQ001-03）.pdf,1,298497,8622bbb0432c6f4cd80627cee8fe66ffde4d06c66e4011764c55f7747ea5de34,1,可读取,
60_申报案例与建设方案,60_申报案例与建设方案/技术中心/2022年交科企业技术中心-张锴云/市企业/20220714收到的资料/研发发票扫描件（核对后）/7沥青延度仪（LQ003-03）.pdf,1,271658,68ba57f9c4a81ae0dfcb06770eeb4cb66f2787442075a36ef0d425a086fe7ee8,1,可读取,
60_申报案例与建设方案,60_申报案例与建设方案/技术中心/2022年交科企业技术中心-张锴云/市企业/20220714收到的资料/研发发票扫描件（核对后）/8自动沥青软化点仪（LQ004-03).pdf,1,328308,dd8e05d376a277a4817a8900b557c7c3aca61da90ed8926e502a67f5ca5647af,1,可读取,
60_申报案例与建设方案,60_申报案例与建设方案/技术中心/2022年交科企业技术中心-张锴云/市企业/20220714收到的资料/研发发票扫描件（核对后）/9马歇尔稳定度试验仪（LQ023-03).pdf,1,339089,7ae2eb88cbbb3e2853aa2451d146a68ad3270a72661f46d7172cedb01a0c7e61,1,可读取,
60_申报案例与建设方案,60_申报案例与建设方案/技术中心/2022年交科企业技术中心-张锴云/市企业/20220714收到的资料/研发发票扫描件（核对后）/合并PDF.pdf,66,19341227,10c198583d7d94e6c55cacfa6cde3275c8ab7b775c4f901111e1e289d1f27226,1,可读取,
60_申报案例与建设方案,60_申报案例与建设方案/技术中心/2022年交科企业技术中心-张锴云/市企业/20220714收到的资料/纳税申报表.pdf,25,2041905,6861e24a9e86c6738fb7d9fd99ef78490ab139893f9c2c2143554355962459f4,1,可读取,
60_申报案例与建设方案,60_申报案例与建设方案/技术中心/2022年交科企业技术中心-张锴云/市企业/杭州市企业技术中心认定申报资料/4.企业研究开发活动及相关情况.pdf,3,925055,9696b699a24498be30715d2645ce4750c892a45e51f416b3b6a646db732274d5,1,可读取,
60_申报案例与建设方案,60_申报案例与建设方案/技术中心/2022年交科企业技术中心-张锴云/市企业/杭州市企业技术中心认定申报资料/7-技术中心专职研发人员情况.pdf,68,37242451,5d2f0f414df93391b026b20e917d6d345ef0df83c7d42756ac0a8fcf65e6533a,1,可读取,
60_申报案例与建设方案,60_申报案例与建设方案/技术中心/2022年交科企业技术中心-张锴云/市企业/网上提交/1.承诺书-盖章版.pdf,1,114629,6ae82759fc42dc9845ff3765f0adf35b7404922450aa732a1c92f76e0c10319e,1,可读取,
60_申报案例与建设方案,60_申报案例与建设方案/技术中心/2022年交科企业技术中心-张锴云/市企业/网上提交/7.技术中心人员及外部专家情况.pdf,69,37503946,0933a99fad4c3cec98f44fcb8410d1006d91119aca6054071c600283c97cb556,1,可读取,
60_申报案例与建设方案,60_申报案例与建设方案/技术中心/【0715】连连银通_市企业技术中心材料汇总/【0715】连连银通_市企业技术中心材料汇总/2-3浙江大学软件学院产学研协议.pdf,3,1059140,4a572d34133dcb2d94c3539fdc9db59d878d56d5c105b6800cd5ff6e08ddd4ff,1,可读取,
60_申报案例与建设方案,60_申报案例与建设方案/技术中心/【0715】连连银通_市企业技术中心材料汇总/【0715】连连银通_市企业技术中心材料汇总/佐证材料/附表13_标准制定/标准发布公告.pdf,2,621575,12fe3ea5a9aa8cd2121f8359c6ab64f5ff3bff27d71101ad4a50a53715e51175,1,可读取,
60_申报案例与建设方案,60_申报案例与建设方案/技术中心/杭州西子1-企业技术中心/2023年研发项目.pdf,60,141091346,ab5c99914278c65904efd4ea9ef9d016fd8f9ba259363075d7364de189c4e673,1,可读取,
60_申报案例与建设方案,60_申报案例与建设方案/技术中心/杭州西子1-企业技术中心/602.pdf,4,15300092,99228f5d3b2dc60096652ded132fae6befc6d8afbc2fe684d9414d44815552ed,1,可读取,
60_申报案例与建设方案,60_申报案例与建设方案/技术中心/杭州西子1-企业技术中心/607-1.pdf,2,5917724,9405c9e0dd49286235c100836f6c6b961f85be90f517df8afe6e23e197b548b4,1,可读取,
60_申报案例与建设方案,60_申报案例与建设方案/技术中心/杭州西子1-企业技术中心/607-2.pdf,6,20961312,bb86c12e56f3c8208931b3c0509844801dcbeb1d08f7c85498533a563831d767,1,可读取,
60_申报案例与建设方案,60_申报案例与建设方案/技术中心/杭州西子1-企业技术中心/承诺书.pdf,1,2077761,caa98159c611e5bcdd719b4109b1c5ab0da24d9c7df95d43e37973f3b17c6355,1,可读取,
60_申报案例与建设方案,60_申报案例与建设方案/技术中心/杭州西子1-企业技术中心/申请报告.pdf,30,87507569,94289e4b7a6af3f529724d95baad71cc8028afa693773ee4c841f21e2e5141f2,1,可读取,
60_申报案例与建设方案,60_申报案例与建设方案/技术中心/杭州西子1-企业技术中心/（已压缩）申请报告.pdf,30,1975562,cac314578d117696b7aaff45d0cb0125ec0616ebd98d8809f9b3f0165eb6cd48,1,可读取,
60_申报案例与建设方案,60_申报案例与建设方案/技术中心/民生技术中心上传资料/评价附件材料/中汇会审[2024]6485号 民生药业2023年单体报告.pdf,96,86835653,bddd87b2c2be19c51c6ee75dcff0764ff6d4bbff91d0d680c881a8b6b94f4334,1,可读取,
60_申报案例与建设方案,60_申报案例与建设方案/技术中心/民生技术中心上传资料/评价附件材料/产学研合同/维生素B6注射液.PDF,11,3348362,da420e280ebf105beba514773ebb1af28223f1a0fb430661abd7af27b00c2b1f,1,可读取,
60_申报案例与建设方案,60_申报案例与建设方案/技术中心/民生技术中心上传资料/评价附件材料/信息化发票/组合 1.pdf,7,3000354,2d8f74012cd4a4ef260f9f3844e2ccf47ac00d24dcd46ab6961b25cab6ca41c0,1,可读取,
60_申报案例与建设方案,60_申报案例与建设方案/技术中心/民生技术中心上传资料/评价附件材料/标准文件/098 丙氨酰谷氨酰胺注射液 YBH01432015（与15版药典同步执行）.pdf,3,3241697,ced0e30d1173063c554fb29e0a0b0c7affc821213bd7288073326093b2f78477,1,可读取,
60_申报案例与建设方案,60_申报案例与建设方案/技术中心/民生技术中心上传资料/评价附件材料/标准文件/1. 门冬氨酸钾镁注射液（10ml）-YBH06622020.pdf,5,5269012,3e3c0ecb43b5bfcf7f5d241bbd96694ba0ca79825507694cb9d1ab9b486e7efd,1,可读取,
60_申报案例与建设方案,60_申报案例与建设方案/技术中心/民生技术中心上传资料/评价附件材料/标准文件/2. 盐酸乙胺丁醇片-YBH06962019.pdf,5,4655574,9e7e707e8c6a1ebba6345c5095dc73a9fd15ffd3affe20ed7398fc766a461f4e,1,可读取,
60_申报案例与建设方案,60_申报案例与建设方案/技术中心/民生技术中心上传资料/评价附件材料/标准文件/3.异烟肼片（0.1g，0.3g）-YBH07792019.pdf,3,3017795,14e11299b87145012dea20e42ed0168e72104335ce7a64b1db5973dee85262ea,1,可读取,
60_申报案例与建设方案,60_申报案例与建设方案/技术中心/民生技术中心上传资料/评价附件材料/标准文件/4.盐酸左西替利嗪片-YBH06112019.pdf,4,3848502,ad8ac31a8c7bd12d54ed87802598ca56c23abb197cea40923632db7911bfa2a0,1,可读取,
60_申报案例与建设方案,60_申报案例与建设方案/技术中心/民生技术中心上传资料/评价附件材料/标准文件/5. 羟乙基淀粉130 0.4氯化钠注射液-YBH01792019.pdf,3,2287085,4477cfaab8713d0e90d24125bf8c60559eb347bb577ad616d97c354e748dd072,1,可读取,
60_申报案例与建设方案,60_申报案例与建设方案/技术中心/民生技术中心上传资料/评价附件材料/标准文件/6.维生素B6片-YBH06912018.pdf,3,2781677,5081f1f625fe2d0ad4ffde0e5c35780d684096ba616d573deafeebd49ee4e2ee,1,可读取,
60_申报案例与建设方案,60_申报案例与建设方案/技术中心/民生技术中心上传资料/评价附件材料/标准文件/7.玻璃酸钠滴眼液-YBH01582018.pdf,3,2937109,30afd02c8cb861b7f5aa8bc9b8d5ba9747d6072f3fe0903a23b55381ee96f79c,1,可读取,
60_申报案例与建设方案,60_申报案例与建设方案/技术中心/民生技术中心上传资料/评价附件材料/标准文件/8. 复方电解质葡萄糖MG3注射液-YBH00442018.pdf,3,5993409,1bb2dd33b70f7d39c441ba4a3b98615cb6da123b21241e723ba96d5e3322a210,1,可读取,
60_申报案例与建设方案,60_申报案例与建设方案/技术中心/民生技术中心上传资料/评价附件材料/标准文件/组合 1.pdf,32,34011530,93b30cd693a1b7c9db07e368537c790ef04846b665fc4f3363d7a84b655ce529,1,可读取,
60_申报案例与建设方案,60_申报案例与建设方案/技术中心/民生技术中心上传资料/评价附件材料/省级企业技术中心省级研发中心.pdf,6,1975225,50045a4d0813a310eb99bc0b8505bccb6462707781fe4a0376528230e8307cc0,1,可读取,
60_申报案例与建设方案,60_申报案例与建设方案/技术中心/民生技术中心上传资料/评价附件材料/设备发票/均质乳化机（121.06万元）.pdf,2,896539,4b33f4baf52ee27be764c32133a0c95a09f4474d72af36c6f1f751e5c7ea2bcb,1,可读取,
60_申报案例与建设方案,60_申报案例与建设方案/技术中心/民生技术中心上传资料/评价附件材料/设备发票/研发密封性测试仪（119.47万元）.pdf,2,1089551,3da33686a6f759fda14445fcd38d02da560807a96409da50084b1015f4256979,1,可读取,
60_申报案例与建设方案,60_申报案例与建设方案/技术中心/民生技术中心上传资料/评价附件材料/设备发票/软膏线灌装封尾机（106.52万元）.pdf,12,5753459,33a883d318bb8907984c7ae7ce768680f5511c879d5863050ffc69d941f31e72,1,可读取,
60_申报案例与建设方案,60_申报案例与建设方案/技术中心/民生技术中心上传资料/评价附件材料/（已压缩）中汇会审[2024]6485号 民生药业2023年单体报告.pdf,96,6603522,1bad6664ca74de86373efbceca8a24bdcb1d428671c82ebab71e7c49525527c8,1,可读取,
60_申报案例与建设方案,60_申报案例与建设方案/技术中心/翌星技术中心/123(1)/123/本科/秦明智.pdf,1,636671,2d9647c0e2c8fbd3c8f1674d50d6e9014a911b942762f01cb361a0414341e21d,1,可读取,
60_申报案例与建设方案,60_申报案例与建设方案/技术中心/翌星技术中心/123(1)/123/本科/竺炜.pdf,1,438666,1ad09f41caab2354ab825d864c68f9bb8bd95affab2685ebbf04e85e82e34e54,1,可读取,
60_申报案例与建设方案,60_申报案例与建设方案/技术中心/翌星技术中心/123(1)/123/本科/竺炜（硕士）.pdf,1,312459,934613958679e3b16f98d5783836baa5b9fc192a58a569bf77b0ae89fc67940f,1,可读取,
60_申报案例与建设方案,60_申报案例与建设方案/技术中心/翌星技术中心/20220729162817.pdf,32,10172171,bafa39eeb65119d83c8b808643930d607707756874c97198ad8becad83d75108,1,可读取,
60_申报案例与建设方案,60_申报案例与建设方案/技术中心/翌星技术中心/企业技术中心申请报告_部分2.pdf,6,20178338,28059e43f67938e721e4e96f80c47020c7c040a23ac896a593bdaf71f6aad10e,1,可读取,
60_申报案例与建设方案,60_申报案例与建设方案/技术中心/翌星技术中心/技术中心申报/技术中心申报/20220729162109.pdf,32,985361,2214a22c7577bc5322c0e129d1cc8faae1218e089064123854a9a170fde9468f,1,可读取,
60_申报案例与建设方案,60_申报案例与建设方案/技术中心/衡美技术中心/107-1.pdf,1,424672,5e7dbc0a98ec7d008206b29efe2e7cc527542a5a87853ddb57dab66307c73183,1,可读取,
60_申报案例与建设方案,60_申报案例与建设方案/技术中心/衡美技术中心/107-2.pdf,2,769850,df4db2d81e97fa21ee76ef878f2e37495929b27d5d6d96bf3c7f88c781245845,1,可读取,
60_申报案例与建设方案,60_申报案例与建设方案/技术中心/衡美技术中心/产学研合同.pdf,34,13310824,c852516050b796fccc00ab51d997476a6e743c2d2a15aae72727f9e2f3713262,1,可读取,
60_申报案例与建设方案,60_申报案例与建设方案/技术中心/衡美技术中心/信息化投入合同.pdf,56,27627395,0242d7ca50faecd63f76bc31e5e0455049c1b81ac923a40bc4efa9f04042a782,1,可读取,
60_申报案例与建设方案,60_申报案例与建设方案/技术中心/衡美技术中心/制造业企业技术中心申请报告.pdf,22,8218038,6d4106a6e0ac556874bc8783e769ec106cdab5645cc6438f9060b89b1950429a,1,可读取,
60_申报案例与建设方案,60_申报案例与建设方案/技术中心/衡美技术中心/打印版/6、其他佐证材料.pdf,4,1465603,8cdc4155273b57f43bbb84bf9522ef7bee604a392824bee055c1fe7166ee9d95,1,可读取,
60_申报案例与建设方案,60_申报案例与建设方案/技术中心/衡美技术中心/打印版/（5）附表9 设备发票.pdf,27,13728681,17333b9b404c4864aa4da503629381ef634fcaa2eea7798879b0601119af4cb5,1,可读取,
60_申报案例与建设方案,60_申报案例与建设方案/技术中心/衡美技术中心/承诺书（盖章版）.pdf,1,147221,97a174fdfa1df769bb45e99865a8261f9385d8ebfdc66bef8387fca6d1d70393,1,可读取,
60_申报案例与建设方案,60_申报案例与建设方案/技术中心/衡美技术中心/盖章文件/省技术中心扫描版资料.pdf,27,12961583,456c58c5b030bea68e1416dad05159331b8a5fbed1063baeca8f5506a817d11f,1,可读取,
60_申报案例与建设方案,60_申报案例与建设方案/技术中心/衡美技术中心/设备发票.pdf,51,26676544,4ed96af800bc973b4f2d9e2e5425525cb7b1b179017e0cf4704c45a3e1fb5639,1,可读取,
60_申报案例与建设方案,60_申报案例与建设方案/技术中心/衡美技术中心/附表7发票/附表7发票/104、202105粉灌机1台.pdf,1,333548,eec94d617a9c4e9c29f6e5c3f9e1b063402cf19f3a3cf03960a702098abcfa42,1,可读取,
60_申报案例与建设方案,60_申报案例与建设方案/技术中心/衡美技术中心/附表7发票/附表7发票/115、微波消解仪、医用冷藏箱、鼓风干燥箱.pdf,2,517632,204a622c2d7ea3864292374e6b0f9a6127a35dcc55e6f18726b662fcfd4fc444,1,可读取,
60_申报案例与建设方案,60_申报案例与建设方案/技术中心/衡美技术中心/附表7发票/附表7发票/117、原子光谱吸收仪/gdzc-700001.pdf,1,475386,bf3a6940a3f25d64742aebcb2af94cbf1ce2ad4971072efcb8310594d333ac72,1,可读取,
60_申报案例与建设方案,60_申报案例与建设方案/技术中心/衡美技术中心/附表7发票/附表7发票/117、原子光谱吸收仪/gdzc-700002.pdf,1,486214,9539aed2633b7dee4108d40080f806fac6a5b8b9be83dc62195a5069aa80b7cc,1,可读取,
60_申报案例与建设方案,60_申报案例与建设方案/技术中心/衡美技术中心/附表7发票/附表7发票/117、原子光谱吸收仪/gdzc-700003.pdf,1,481352,635081437ee5524990a32ad5100a32449df1cc70b5d0d4090272a1a2548150e5,1,可读取,
60_申报案例与建设方案,60_申报案例与建设方案/技术中心/衡美技术中心/附表7发票/附表7发票/120、SELMI  LEGEND调温机.pdf,2,585936,4ca50ecc9e25c0f3ff62f28bcad4002b14d4f9a024c3670f87a5815c1d0cdbb9,1,可读取,
60_申报案例与建设方案,60_申报案例与建设方案/技术中心/衡美技术中心/附表7发票/附表7发票/124、旋转式压片机.pdf,1,300999,cdc90379b1c88767d67bb71776f8bf61f0de2167dd9b805687244f66cb4e0138,1,可读取,
60_申报案例与建设方案,60_申报案例与建设方案/技术中心/衡美技术中心/附表7发票/附表7发票/12、包装机16.6万.pdf,1,314506,60b4926ad5f3f392cd650f8718559404412e598a725bff34668251e0f19245f3,1,可读取,
60_申报案例与建设方案,60_申报案例与建设方案/技术中心/衡美技术中心/附表7发票/附表7发票/46、X射线异物检测机.pdf,1,370431,af1a74ac738955e7028a2e040b4b1fc9a2d3ec856f83260aa3f016bf526c4d79,1,可读取,
60_申报案例与建设方案,60_申报案例与建设方案/技术中心/衡美技术中心/附表7发票/附表7发票/47、1000涂层机头/gdzc-270001.pdf,1,361740,19de6e11e577a7e1cf52099a94ff37a94d7d03a73c52465cf781571d8ee361f0,1,可读取,
60_申报案例与建设方案,60_申报案例与建设方案/技术中心/衡美技术中心/附表7发票/附表7发票/47、1000涂层机头/gdzc-270002.pdf,1,326377,8d220ca1275ac2f1d9d402dea1490899a2c7b915835640642832d40ac754f446,1,可读取,
60_申报案例与建设方案,60_申报案例与建设方案/技术中心/衡美技术中心/附表7发票/附表7发票/47、1000涂层机头/gdzc-270003.pdf,1,330135,f842983106631b4ff120177ca862b4c9cdd68a338bd46896ff97b65935b0f411,1,可读取,
60_申报案例与建设方案,60_申报案例与建设方案/技术中心/衡美技术中心/附表7发票/附表7发票/49、全自动旋转往复式包装机.pdf,2,536948,c1b426f00c0551c64d10f7f7b7ad1d3f08e4a3ee30b2a5f087384a87f8808f52,1,可读取,
60_申报案例与建设方案,60_申报案例与建设方案/技术中心/衡美技术中心/附表7发票/附表7发票/50、谷物棒成型线.pdf,13,4992012,65a1d69493f3deb90e16390e6a2d6405465dce454785982cd57ff30b4a3f5a03,1,可读取,
60_申报案例与建设方案,60_申报案例与建设方案/技术中心/衡美技术中心/附表7发票/附表7发票/58、背封粉末单列机.pdf,6,1788464,c28d1ffb6cc1c6fa28fedcee593fca83162ff08062edd230534b4e2e67964a39,1,可读取,
60_申报案例与建设方案,60_申报案例与建设方案/技术中心/衡美技术中心/附表7发票/附表7发票/59、双伺服往复切割机.pdf,2,670549,4524e200f7578a646d9accecbf9ac1fec5996ab20df85a7750ce7177faf672e6,1,可读取,
60_申报案例与建设方案,60_申报案例与建设方案/技术中心/衡美技术中心/附表7发票/附表7发票/61、谷物棒成型设备.pdf,1,300777,cf4947dc629fae6ca203661c07273982dda0e463f150752e14e4594122280bb9,1,可读取,
60_申报案例与建设方案,60_申报案例与建设方案/技术中心/衡美技术中心/附表7发票/附表7发票/67、单立柱混合机.pdf,4,1923774,a12c39feb58dc8861dbaf8e3ece00b06e3df3cf129144cb966b82dd42b9fb61e,1,可读取,
60_申报案例与建设方案,60_申报案例与建设方案/技术中心/衡美技术中心/附表7发票/附表7发票/93、给袋式包装机/gdzc-270006 - 副本.pdf,1,284798,27b6bfeb899e9f3afdabe6f2936f77ec4d5e99a83ff89641079b0ce3a0f917ec,1,可读取,
60_申报案例与建设方案,60_申报案例与建设方案/技术中心/衡美技术中心/附表7发票/附表7发票/93、给袋式包装机/gdzc-270007 - 副本.pdf,1,318015,79f4374a41c3441f16cb75260008c3f5231b03888c15aa55895584788038f968,1,可读取,
60_申报案例与建设方案,60_申报案例与建设方案/技术中心/衡美技术中心/附表7发票/附表7发票/97、202103液相色谱仪.pdf,1,335800,d3fde0d12bf73a83e1dda55f4b958eddfc0bffcc8ce8f77f5ded79e6f1ce53d3,1,可读取,
60_申报案例与建设方案,60_申报案例与建设方案/技术中心/连连技术中心/【市技术中心】连连银通/银通-2019年11月.pdf,2,467161,6db50518c9d063de36e1a399f00923d59bcfd76b59bc3998cea7d474420e8fa4,1,可读取,
60_申报案例与建设方案,60_申报案例与建设方案/技术中心/连连技术中心/【市技术中心】连连银通/银通-2019年12月.pdf,5,1259832,8d9137cde05e816ac764c0cc67a1030cf3b2c8073a94befdc81c28ea88fe9942,1,可读取,
60_申报案例与建设方案,60_申报案例与建设方案/技术中心/连连技术中心/【市技术中心】连连银通/银通-2019年2月.pdf,2,496954,6a8165d8091ebc33e4bf6985c74a4c7e05810eb1091049481dd77a550d8e5a2b,1,可读取,
60_申报案例与建设方案,60_申报案例与建设方案/技术中心/连连技术中心/【市技术中心】连连银通/银通-2019年4月.pdf,3,688410,fb205ede155f57d2cbd35139d8d474f63a2b4ad0c698acdd45c9766fa31c007b,1,可读取,
60_申报案例与建设方案,60_申报案例与建设方案/技术中心/连连技术中心/【市技术中心】连连银通/银通-2019年5月.pdf,2,479944,84ceb6cf6cd1e7dde16714c98e77abba43fae0900f49cad74526e2da6d5a576a,1,可读取,
60_申报案例与建设方案,60_申报案例与建设方案/技术中心/连连技术中心/【市技术中心】连连银通/银通-2019年6月.pdf,30,6574850,2b932d6c01fc1729246b5221c4abb4292d23bfac32da24469e39eebe8fe36ead,1,可读取,
60_申报案例与建设方案,60_申报案例与建设方案/技术中心/连连技术中心/【市技术中心】连连银通/银通-2019年9月.pdf,2,494186,92039e1cc2b147514c2beedf2df2d047151fc5938582650d9b98162d7e179141,1,可读取,
60_申报案例与建设方案,60_申报案例与建设方案/技术中心/连连技术中心/【市技术中心】连连银通/银通-2020年10月.pdf,2,474496,6d67d0286a9354d7c6176b528566fbf4541f598c1ca14ab106c931ea2ee018d1,1,可读取,
60_申报案例与建设方案,60_申报案例与建设方案/技术中心/连连技术中心/【市技术中心】连连银通/银通-2020年12月.pdf,2,517121,51db4035bf39d72635f1880d2ea403a38754b1b7c9283c2e325d52d587884c49,1,可读取,
60_申报案例与建设方案,60_申报案例与建设方案/技术中心/连连技术中心/【市技术中心】连连银通/银通-2020年4月.pdf,2,522818,2cc420e53b55aa7d0a002237995a3c49b9f22ae0850c53ecf6e57943c4ceb822,1,可读取,
60_申报案例与建设方案,60_申报案例与建设方案/技术中心/连连技术中心/【市技术中心】连连银通/银通-2020年9月.pdf,2,757033,af1fcb74d929c6666947c6bc326714799344be69e3a2354a821a1324258bc5b8,1,可读取,
60_申报案例与建设方案,60_申报案例与建设方案/技术中心/连连技术中心/支付业务许可证（副本）.pdf,1,925299,2e65618260d539e53c11ff9f7137b1cec2607b1659214086ad2777a1a57b1eb6,1,可读取,
60_申报案例与建设方案,60_申报案例与建设方案/技术改造和未来工厂/14-技改、未来工厂、进口贴息等项目/技改备案/大江东技改备案需提交资料.pdf,3,1584587,b3250cba0df0260ef0d52e1c667df5edd0d1e0834c603e4be6d2f4da091b5f18,1,可读取,
60_申报案例与建设方案,60_申报案例与建设方案/技术改造和未来工厂/14-技改、未来工厂、进口贴息等项目/进口贴息/533b1bde2ecd4f2b901b3ba662a626a5.pdf,9,2130842,fc7b590a25bbce2f1884fddf59d362c0432010f7fd1b54832fadeed5f3e71f56,1,可读取,
60_申报案例与建设方案,60_申报案例与建设方案/技术改造和未来工厂/临安区制造业企业智能化诊断项目/东光物联网项目-合作合同.pdf,8,5706594,98f9dc3635b8aa6ed3785e7f4dc3535e1c1070bf8a784f501290314dce549281,1,可读取,
60_申报案例与建设方案,60_申报案例与建设方案/技术改造和未来工厂/临安区制造业企业智能化诊断项目/软件开票.pdf,5,21603386,b6d51680b09541feee987c4c5832ffc35cfd85a3149bedb314ce81d7f42b610f,1,可读取,
60_申报案例与建设方案,60_申报案例与建设方案/技术改造和未来工厂/华味亨/2022年物联网项目/发票合同/冰与火电脑 2022-07-12 14.05.pdf,4,1310948,01387acbd8f2ebd9ded9fb4c46301c05b483af448f8f4903945228f83cd067f4,1,可读取,
60_申报案例与建设方案,60_申报案例与建设方案/技术改造和未来工厂/华味亨/2022年物联网项目/发票合同/昊天封箱机2台 2022-07-12 10.55.pdf,1,682810,f9ae00f8e5516267e74ecb757be9868dbebba25d3f5fc316630f78d7ad2d29ea,1,可读取,
60_申报案例与建设方案,60_申报案例与建设方案/技术改造和未来工厂/华味亨/2022年物联网项目/发票合同/永创封箱机2台 2022-07-12 10.54.pdf,4,1791039,c559ae7c453be1fddbd658f1fdfc3c60b4bfe0cf66d23ae527b7eecbcab28f57,1,可读取,
60_申报案例与建设方案,60_申报案例与建设方案/技术改造和未来工厂/华味亨/2022年物联网项目/发票合同/设备/设备/设备10.pdf,4,3325319,4b004df2fd5e84f22d8abf39e862c382928049bfa63072eef1090ac1f23757c8,1,可读取,
60_申报案例与建设方案,60_申报案例与建设方案/技术改造和未来工厂/华味亨/2022年物联网项目/发票合同/设备/设备/设备11.pdf,5,4122192,68f249c0bb85d6cfdb857cdb1e2544517d111916f2176fe6068cacddd09c666d,1,可读取,
60_申报案例与建设方案,60_申报案例与建设方案/技术改造和未来工厂/华味亨/2022年物联网项目/发票合同/设备/设备/设备12.pdf,13,11328553,2b73f6bc863430dee854b646e46fc2ad432c702759b6f29206aaa79dd62c47ee,1,可读取,
60_申报案例与建设方案,60_申报案例与建设方案/技术改造和未来工厂/华味亨/2022年物联网项目/发票合同/设备/设备/设备13.pdf,11,9027568,bec0a924f5581cf4a4069bfac7acccd0a6fe426ac8e841e7ea170bd021a8cd6b,1,可读取,
60_申报案例与建设方案,60_申报案例与建设方案/技术改造和未来工厂/华味亨/2022年物联网项目/发票合同/设备/设备/设备14.pdf,11,2731154,2f73ebd02c35e14e072102427572415ba9073f9e1ef911717f3784e6d88e09a1,1,可读取,
60_申报案例与建设方案,60_申报案例与建设方案/技术改造和未来工厂/华味亨/2022年物联网项目/发票合同/设备/设备/设备5.pdf,10,2358568,772d86411bed88041047277b1c316e26d259e6992be1d62c368302b1602e4a26,1,可读取,
60_申报案例与建设方案,60_申报案例与建设方案/技术改造和未来工厂/华味亨/2022年物联网项目/发票合同/设备/设备/设备6.pdf,8,7593809,00a5c5bc6d1fb73c1a698140812cd0474bcdee35b5e0b64501f6a7c8314dc4d8,1,可读取,
60_申报案例与建设方案,60_申报案例与建设方案/技术改造和未来工厂/华味亨/2022年物联网项目/发票合同/设备/设备/设备7.pdf,7,6468992,af1da551dfd605fac9e2d82680ed8b02d750122879fcfb721549b1a7ab6c6447,1,可读取,
60_申报案例与建设方案,60_申报案例与建设方案/技术改造和未来工厂/华味亨/2022年物联网项目/发票合同/设备/设备/设备8.pdf,7,6252349,8115e2340f0cee9729729b3a3abb3e5da11b618407d4ae6e297df1ddcdb03b23,1,可读取,
60_申报案例与建设方案,60_申报案例与建设方案/技术改造和未来工厂/华味亨/2022年物联网项目/发票合同/设备/设备/设备9.pdf,10,10352150,c55aaaa11b4532ae750cc5f5201d3374cde09d41ca8b4768924052b9135a81cf,1,可读取,
60_申报案例与建设方案,60_申报案例与建设方案/技术改造和未来工厂/华味亨/盖章文件.pdf,10,9826975,55cc2cbaf0eb2d04ed11eb19ae7f7a12015dbc8bf2be7dc0fbfca5a38b7391de,1,可读取,
60_申报案例与建设方案,60_申报案例与建设方案/技术改造和未来工厂/华味亨/财政扶持情况说明.pdf,3,2966481,f29ba6fa2ff86b6bb5a8effdee00578fb059592885b6ca843c10049d9a9a9a5a,1,可读取,
60_申报案例与建设方案,60_申报案例与建设方案/技术改造和未来工厂/华味亨/项目申报承诺书.pdf,2,2276679,417c1c94e1379a68ac1d97729d1d5378b0acb10cefbca27910ceeb660e646100,1,可读取,
60_申报案例与建设方案,60_申报案例与建设方案/技术改造和未来工厂/斯捷尔智能工厂备案（已盖章）.pdf,48,17038080,b5cf6f8ab7c3db2ddfe4112fe4a4588749d7c4e9f53e2210e30029325423644d,1,可读取,
60_申报案例与建设方案,60_申报案例与建设方案/技术改造和未来工厂/未来工厂、智能制造/市 数字化/杭州市“新制造业计划”2021-2023.pdf,6,2018718,f7a6b46a8d7417b9273d9fe072d3a18a91758e15064bce86356f5570f0407f88,1,可读取,
60_申报案例与建设方案,60_申报案例与建设方案/技术改造和未来工厂/未来工厂、智能制造/市 数字化/第二批数字化攻关项目.pdf,10,805492,94fb2c45166fe520325f08c5ba509fdbbce3f9c76271274b8537245f4ebe5305,1,可读取,
60_申报案例与建设方案,60_申报案例与建设方案/技术改造和未来工厂/未来工厂、智能制造/市 数字化/第二批未来工厂.pdf,6,308749,5055bcd0e44badbf24bc5b7e4269d413f6e1fc2730e2f20e1e0ff0edc3eb91c2,1,可读取,
60_申报案例与建设方案,60_申报案例与建设方案/研究院/铁流重点企业研究院/6. 其他有关材料(包括专业从业人员说明材料等.pdf,42,8250784,ac7847e41b8618be85a5a32f116ac8688e82c74b583b8924c1056624707c6165,1,可读取,
60_申报案例与建设方案,60_申报案例与建设方案/科技计划/浙江省重点计划/2023年/省重大-澳赛诺/文献资料/中文文献/14-壳聚糖作为药物缓释载体的应用及进展_于永鹏.pdf,5,662485,763b02ae659f31c6d41fba89d0a69489855c8ddb7f9846073b2d47df9d52b00b,1,可读取,
60_申报案例与建设方案,60_申报案例与建设方案/隐形冠军/隐形冠军申报材料/8、浙江省隐形冠军企业申请书.pdf,42,14136782,e2c5899893e0da2cecc8681f0d67e46aaa6639e8741c904de34ab37e238b8daa,1,可读取,
60_申报案例与建设方案,60_申报案例与建设方案/首版次/3校宝在线（杭州）科技股份有限公司-首版次/校宝在线（杭州）科技股份有限公司(通用审批+优惠审批）/客户资料/2023年度企业所得税申报表 盖章版.pdf,4,18217594,3177296181c604c01f82d4a02ebd98f8ce0924805c741a69fd55475de1bfaabb,1,可读取,
60_申报案例与建设方案,60_申报案例与建设方案/首版次/3校宝在线（杭州）科技股份有限公司-首版次/校宝服务合同.pdf,4,1662733,604f9f307fad2d03c8cfdc301390e4b9e71aba250ce7f33d25a83fbd658fbe88,1,可读取,
60_申报案例与建设方案,60_申报案例与建设方案/首版次/3校宝在线（杭州）科技股份有限公司-首版次/校宝首版次/3、校宝在线校宝APP教培软件V4.0.pdf,1,306957,499ad67e7a36b2a8a6df608269e9c63195d28e101c7dfb2e43ee788bbf08d4c1,1,可读取,
60_申报案例与建设方案,60_申报案例与建设方案/首版次/3校宝在线（杭州）科技股份有限公司-首版次/校宝首版次/4、销售合同/奔逸（北京）体育文化有限公司.pdf,,3906394,1018aca5f1626f4eb2e467fe56b14c9a68f3c1cba2d3b2e9818f611311acdfb9,1,PDF结构异常,PdfReadError:Could not read Boolean object
60_申报案例与建设方案,60_申报案例与建设方案/首版次/3校宝在线（杭州）科技股份有限公司-首版次/校宝首版次/4、销售合同/宁波一路顺教育咨询有限公司.pdf,,1260206,1fdb446efd77af311f8c559ea55e566454c122eb6f858d04717cc57d9ca48356,1,PDF结构异常,PdfReadError:Could not read Boolean object
60_申报案例与建设方案,60_申报案例与建设方案/首版次/3校宝在线（杭州）科技股份有限公司-首版次/校宝首版次/4、销售合同/山东金成源化工有限公司.pdf,,599109,07998f3af07352b4ddbe72a581afe202bcb170231428a1de31e063173773d875,1,PDF结构异常,PdfReadError:Could not read Boolean object
60_申报案例与建设方案,60_申报案例与建设方案/首版次/3校宝在线（杭州）科技股份有限公司-首版次/校宝首版次/5.1校宝在线校宝 APP教培软件检测报告.pdf,20,7538305,2e89438c88213e4337404c40dc03fe47cc650ddf0e1127a462ccab52ba88090e,1,可读取,
60_申报案例与建设方案,60_申报案例与建设方案/首版次/3校宝在线（杭州）科技股份有限公司-首版次/校宝首版次/9、荣誉资质/国千_特聘专家_加水印.pdf,2,5475678,1ede82558ad80f02e608f21b786367e25c3092b3b6b0a2ad4372765016902ca9,1,可读取,
60_申报案例与建设方案,60_申报案例与建设方案/首版次/3校宝在线（杭州）科技股份有限公司-首版次/校宝首版次/9、荣誉资质/所获奖项.pdf,,14645543,6393b49c366cd0e33d0454714f718ba3a1c9f64110842fdd2e563e19cf107929,1,PDF结构异常,PdfReadError:Could not read Boolean object
60_申报案例与建设方案,60_申报案例与建设方案/首版次/3校宝在线（杭州）科技股份有限公司-首版次/首版次资料 校宝/承诺书.pdf,1,691664,186fa9a49e8d6950d7939c37f0853b86e47ac574cb4cd89bc851c345ed67fed8,1,可读取,
60_申报案例与建设方案,60_申报案例与建设方案/首版次/3校宝在线（杭州）科技股份有限公司-首版次/首版次资料 校宝/（已压缩）国标 系统与软件工程 基于模型的系统与软件工程方法和工具.pdf,74,4009570,65cee3be67a4bf02d4274ec5ac1381e9b84baab4d05f73edc66b425d1b1d4779,1,可读取,
60_申报案例与建设方案,60_申报案例与建设方案/首版次/4杭州中焯信息技术股份有限公司-首版次/2025专精特新企业申请表-复核.pdf,10,1446272,ef72417bb956d3caadcd9377c024c1d25f89a180b4b61178ab7653100355f7d7,1,可读取,
60_申报案例与建设方案,60_申报案例与建设方案/首版次/4杭州中焯信息技术股份有限公司-首版次/科技咨询报告.pdf,13,5880593,08e8baaac3bd96e893c0ff55baed7ae377769bc18dbe1992dab94ad5813e748a,1,可读取,
60_申报案例与建设方案,60_申报案例与建设方案/首版次/首版次案例-高格软件/销售合同及发票/销售合同及发票-汇总.pdf,37,4988308,413b34e327bd78b3fc5d580f131c76e8d839b22fb9b450789795fbdb19ac1f69,1,可读取,
